;EVY;;;;
;GNL;;;;
1T;;;;;
;WYT;;;;
;TFU;;;;
;CHD;;;;
;TTF;;;;
;TWF;;;;
;SEC;;;;
Q5;MLA;;;;
;QRT;;;;
;PIU;;;;
4R;SEK;;;;
4O;AIJ;;;;
7A;XRC;;;;
7C;JJA;;;;
;BRO;;;;
P6;PSC;;;;
;WSN;;;;
;GBT;;;;
;AJR;;;;
;SFM;;;;
;AJJ;;;;
;XXV;;;;
;LEP;;;;
;NKP;;;;
;ADD;;;;
;OWN;;;;
;ASR;;;;
;ARH;;;;
;VMX;;;;
;ACC;;;;
;FSY;;;;
;TTX;;;;
;ALN;;;;
;UJX;;;;
;RGR;;;;
;NGF;;;;
;WFT;;;;
;ATT;;;;
;EDY;;;;
JY;IWY;;;;
JU;ASL;;;;
QH;LYN;;;;
XK;CCM;;;;
;AHS;;;;
;ROH;;;;
;ROO;;;;
;AWF;;;;
;SUP;;;;
;PSO;;;;
EI;EIN;;;;
;VLB;;;;
;WAS;;;;
;FCJ;;;;
;TEW;;;;
;STT;;;;
;LBZ;;;;
;HEZ;;;;
;UAH;;;;
;DRO;;;;
;RVQ;;;;
;ASK;;;;
;AEH;;;;
;ERO;;;;
A8;XAU;;;;
;NKY;;;;
;AWP;;;;
;AGA;;;;
;ABZ;;;;
RV;ROU;;;;
;CNM;;;;
;VRE;;;;
;AWL;;;;
;AXY;;;;
;OES;;;;
;ASF;;;;
;AVG;;;;
7A;AZY;;;;
1B;;;;;
W9;AAB;;;;
6U;ACX;;;;
;AAD;;;;
;SII;;;;
;BZS;;;;
;ACO;;;;
;AET;;;;
;ABM;;;;
E4;RSO;;;;
ZI;AAF;;;;
;AAM;;;;
;AAO;;;;
;AAP;;;;
AE;AE;;;;
OZ;AAR;;;;
4K*;AAS;;;;
;AAU;;;;
;AAV;;;;
8U;AAW;;;;
Q9;AFU;;;;
;AAX;;;;
;BRL;;;;
;AFH;;;;
;BRM;;;;
;AAG;;;;
KI;AAG;;;;
QB;AAJ;;;;
;ACS;;;;
;ADT;;;;
;AHN;;;;
;AHR;;;;
LD;AHK;;;;
;AHS;;;;
;AEQ;;;;
;AAI;;;;
;ACU;;;;
;ACV;;;;
;ADC;;;;
;ADW;;;;
UX;AEA;;;;
IG;AEY;;;;
;ASW;;;;
;ASX;;;;
NX;AMU;;;;
ZV;AMW;;;;
HM;SEY;;;;
;SFB;;;;
;BRF;;;;
AF;AFR;;;;
;ACG;;;;
SB;ACI;;;;
;VSG;;;;
EH;AKX;;;;
;ALM;;;;
;ALN;;;;
;ACM;;;;
;AGM;;;;
ZW;AWI;;;;
;ALU;;;;
;RSI;;;;
GN;AGN;;;;
;AFS;;;;
;AFV;;;;
NQ;AJX;;;;
VD;LIB;;;;
TT;KLA;;;;
;AMG;;;;
4N;ANT;;;;
;ANV;;;;
NZ;ANZ;;;;
;;;;;
TE;;;;;
;AOE;;;;
;AMI;;;;
QM;AML;;;;
;AMN;;;;
ML;BIE;;;;
P8;MKG;;;;
;TAH;;;;
;AVZ;;;;
;AMO;;;;
BM;;;;;
;AMR;;;;
;AMS;;;;
;AOJ;;;;
;AJU;;;;
;AKA;;;;
;LIV;;;;
ZX;ABL;;;;
;ABN;;;;
;LJA;;;;
G8;AGB;;;;
7T;AGV;;;;
;MVM;;;;
;AMY;;;;
6V;VGA;;;;
;AOU;;;;
;APA;;;;
;APG;;;;
NH;ANA;;;;
;ANB;;;;
;NGO;;;;
TZ;TWG;;;;
;NGP;;;;
2Q;SNC;;;;
;SND;;;;
V7;SNG;;;;
;SNY;;;;
;AII;;;;
;BFF;;;;
;BDM;;;;
AB;BER;;;;
;ABT;;;;
;APV;;;;
;ARX;;;;
;HTT;;;;
;ARZ;;;;
;ASB;;;;
;ASC;;;;
4D;ASD;;;;
;AQN;;;;
;ARC;;;;
QN;ARR;;;;
;ABR;;;;
;AIL;;;;
AI;AIC;;;;
;AIG;;;;
PJ;SPM;;;;
SZ;WOW;;;;
;ATJ;;;;
8C;ATN;;;;
;ATQ;;;;
;ATS;;;;
;AVG;;;;
;AUX;;;;
NF;AVN;;;;
ZB;BUB;;;;
CC;ABD;;;;
;AIE;;;;
;AIS;;;;
RB;SBK;;;;
TN;THT;;;;
SW;NMB;;;;
;NSK;;;;
;NTL;;;;
;SGA;;;;
;AFW;;;;
AW;AFW;;;;
;ACX;;;;
PE;AEL;;;;
JM;AJM;;;;
;AWN;;;;
;AWT;;;;
6G;AWW;;;;
TX;FWI;;;;
IX;AXB;;;;
;AXD;;;;
;BSB;;;;
BT;BTI;;;;
;ANI;;;;
EL;ANK;;;;
YW;ANE;;;;
PX;ANG;;;;
G9;ABY;;;;
AC;ACA;;;;
AP;LAV;;;;
;MHS;;;;
XT;AXL;;;;
;AZF;;;;
UM;AZW;;;;
;MHU;;;;
;MKH;;;;
;AZX;;;;
S2;RSH;;;;
;ATA;;;;
TC;ATC;;;;
;XAC;;;;
2J;VBW;;;;
;ATH;;;;
KM;AMC;;;;
YT;TGA;;;;
;ASJ;;;;
;ASN;;;;
;ASS;;;;
;NPL;;;;
;NPR;;;;
;WAM;;;;
;RSM;;;;
;AWZ;;;;
G4;AAY;;;;
;AAZ;;;;
;ABA;;;;
;ABB;;;;
;ABE;;;;
;ABF;;;;
;ABG;;;;
M3;TUS;;;;
;ABJ;;;;
;ABK;;;;
;ABO;;;;
;ABU;;;;
;ACR;;;;
O4;ABV;;;;
GB;ABX;;;;
GB;ABX;;;;
;ABZ;;;;
;ACC;;;;
;ACD;;;;
8V;ACP;;;;
;ACY;;;;
;ADA;;;;
4G*;;;;;
8T;TID;;;;
;ADB;;;;
;ADD;;;;
;ADE;;;;
;ADG;;;;
;ADI;;;;
;ADJ;;;;
Z7*;ADK;;;;
;ADL;;;;
;ADN;;;;
;ADP;;;;
;ADY;;;;
;ADQ;;;;
JP;ADR;;;;
;ADS;;;;
;ADU;;;;
;ADV;;;;
EM*;AEB;;;;
;AEC;;;;
;AED;;;;
;ADX;;;;
A3;AEE;;;;
;AEG;;;;
2K;GLG;;;;
;AEI;;;;
;AEJ;;;;
;AEK;;;;
;AEM;;;;
KD;AEN;;;;
;AEO;;;;
;AEP;;;;
KO;AER;;;;
VX;AES;;;;
KH;AAH;;;;
;AAK;;;;
AA;AAL;;;;
AX;?;;;;
AN;AAA;;;;
;AAC;;;;
5W;AEU;;;;
;AEV;;;;
VV;AEW;;;;
;AEX;;;;
;AEZ;;;;
;AFA;;;;
WK;AFB;;;;
QQ;UTY;;;;
;UVS;;;;
;UVT;;;;
;AFC;;;;
;AFE;;;;
FG;AFG;;;;
RV*;AFI;;;;
Y2;AFJ;;;;
;AFK;;;;
SU;AFL;;;;
;AFO;;;;
;AFQ;;;;
5Z;AFX;;;;
;AFY;;;;
;AFZ;;;;
;AGA;;;;
;AGC;;;;
;AGF;;;;
5D;SLI;;;;
;AGG;;;;
;AGH;;;;
;AGO;;;;
;AGP;;;;
;AGQ;;;;
1A;AGT;;;;
;AGU;;;;
;AGW;;;;
JJ;AGX;;;;
;BLR;;;;
;BLZ;;;;
PL;PLI;;;;
8A;BMM;;;;
;BNB;;;;
;AGY;;;;
;AGZ;;;;
GD;AHA;;;;
;AHC;;;;
;AHE;;;;
;CJE;;;;
;AHF;;;;
;AHG;;;;
;AHH;;;;
;AHP;;;;
;AHU;;;;
HT;AHW;;;;
J2;AHY;;;;
U3;AIA;;;;
4Y;AIB;;;;
;AIH;;;;
RS;ASV;;;;
;AIJ;;;;
;AIK;;;;
;AIN;;;;
5A;AIP;;;;
;AIU;;;;
;ABP;;;;
ED*;ABQ;;;;
;THM;;;;
;AIR;;;;
;AIT;;;;
;AIV;;;;
W4;BES;;;;
;AIW;;;;
;AIX;;;;
;AIY;;;;
IZ;AIZ;;;;
;AJA;;;;
;AJB;;;;
;AJE;;;;
;AJF;;;;
;AJI;;;;
;AJK;;;;
;AJO;;;;
;AJP;;;;
;AJS;;;;
M6;AJT;;;;
;AJV;;;;
;AJW;;;;
;AJY;;;;
;AKB;;;;
;AKC;;;;
;AKF;;;;
;AKH;;;;
;MNI;;;;
;AKK;;;;
4A;AKL;;;;
;AKN;;;;
;AKW;;;;
;AKZ;;;;
;ALB;;;;
;ALD;;;;
;ALE;;;;
;ALF;;;;
;BTS;;;;
;FYS;;;;
;DFA;;;;
EV;ASQ;;;;
;BVR;;;;
;ALG;;;;
;ALL;;;;
HP;AWE;;;;
;TNO;;;;
;TND;;;;
;TMP;;;;
;ALO;;;;
;ALP;;;;
;ALP;;;;
;ALQ;;;;
VH;ALV;;;;
;ALW;;;;
;ALY;;;;
;ALZ;;;;
;AMA;;;;
;AMD;;;;
;AMF;;;;
;AMH;;;;
;AMJ;;;;
;AMK;;;;
;AMM;;;;
;AMP;;;;
;AMQ;;;;
;AMQ;;;;
TZ;AMT;;;;
;AMV;;;;
AM;AMX;;;;
;AMZ;;;;
;ANC;;;;
;BRP;;;;
;ANH;;;;
;ANM;;;;
;ANM;;;;
TL;ANO;;;;
;ANQ;;;;
OY;ANS;;;;
IW;AOM;;;;
;ANW;;;;
;SAP;;;;
;EMS;;;;
;AOA;;;;
J6;AOC;;;;
;AOD;;;;
;AOF;;;;
2D;AOG;;;;
;MUN;;;;
;MUR;;;;
;AOI;;;;
;NRO;;;;
;NRP;;;;
;AOK;;;;
;AOL;;;;
;AON;;;;
;AOO;;;;
;AOP;;;;
VB;VIV;;;;
;VIZ;;;;
;VJE;;;;
;VGF;;;;
;VER;;;;
;AOR;;;;
;SMX;;;;
OE;AOT;;;;
;AOV;;;;
;AOX;;;;
;APC;;;;
;SVM;;;;
;APF;;;;
;APH;;;;
;API;;;;
;APJ;;;;
;PET;;;;
GV;ARF;;;;
;BJT;;;;
;BKL;;;;
;BLA;;;;
;APL;;;;
;APM;;;;
;APO;;;;
;APP;;;;
;APQ;;;;
;APU;;;;
JW;APW;;;;
;APX;;;;
;APY;;;;
;AQA;;;;
;AQL;;;;
;AQO;;;;
;AQT;;;;
;AQU;;;;
;AQZ;;;;
;ARA;;;;
;ARB;;;;
2B;AWT;;;;
4C;ARE;;;;
AR;ARG;;;;
;ARH;;;;
;ARI;;;;
;ARJ;;;;
;SUN;;;;
;SUO;;;;
;SUP;;;;
;ARK;;;;
;ARL;;;;
;ARM;;;;
;ARO;;;;
;KLD;;;;
;ARQ;;;;
;ARS;;;;
;ART;;;;
;ARV;;;;
;ARW;;;;
;OST;;;;
;HUC;;;;
;HUT;;;;
;HUY;;;;
;ARY;;;;
AS;ASA;;;;
PL;ASE;;;;
;ASF;;;;
;ASG;;;;
;ASI;;;;
;ASM;;;;
;ASO;;;;
;ASP;;;;
;ASR;;;;
;AST;;;;
;NRE;;;;
;WAP;;;;
;ASV;;;;
OB;ASZ;;;;
;ATB;;;;
;ATD;;;;
;ATE;;;;
;ATG;;;;
HC;ATI;;;;
;ATK;;;;
FO;ATM;;;;
;CPV;;;;
;ATP;;;;
;FEO;;;;
;FES;;;;
;FFA;;;;
;FFB;;;;
;ATR;;;;
;ATT;;;;
;ATU;;;;
;ATV;;;;
;ATW;;;;
OS;AUA;;;;
IQ;AUB;;;;
;TUP;;;;
RU;ABW;;;;
;TUR;;;;
;TXU;;;;
;TXX;;;;
;AUD;;;;
;AUF;;;;
MO;AUH;;;;
;AUM;;;;
;AUN;;;;
;AUP;;;;
;SVE;;;;
GR;AUR;;;;
NO;AUS;;;;
AU;AUT;;;;
;AUU;;;;
;AUY;;;;
AO;AUZ;;;;
AV;AVA;;;;
A0;MCJ;;;;
O6;ONE;;;;
;AVB;;;;
;AVF;;;;
;AVH;;;;
;AVJ;;;;
;AVK;;;;
;AVM;;;;
;AVO;;;;
;AVP;;;;
;AVP;;;;
;LFP;;;;
;LFR;;;;
;LFT;;;;
;AVQ;;;;
;AVR;;;;
;AVS;;;;
;AVT;;;;
;AVU;;;;
;AVV;;;;
;AVW;;;;
;AVX;;;;
;XXX;;;;
;YRG;;;;
K8;ZAK;;;;
;ZZM;;;;
4Y;BGA;;;;
B9;BGD;;;;
;BGF;;;;
;BGG;;;;
;BHC;;;;
;BIV;;;;
;SZA;;;;
;AVY;;;;
;AWB;;;;
;AWK;;;;
;AWL;;;;
;AWO;;;;
;AWR;;;;
;ISM;;;;
;AWS;;;;
;AWV;;;;
;AWY;;;;
HJ;AXF;;;;
;AXH;;;;
;AXI;;;;
;AXK;;;;
AK;AXM;;;;
D7;XAX;;;;
DJ;WAJ;;;;
I5;IAD;;;;
;AXN;;;;
;AXP;;;;
;AXQ;;;;
;BNI;;;;
;BNZ;;;;
;BOC;;;;
;BOI;;;;
;AXR;;;;
;AXS;;;;
;AXV;;;;
;AXX;;;;
6V;AXY;;;;
;AYD;;;;
;AYK;;;;
;AYM;;;;
;NPT;;;;
;GBN;;;;
EX;BJK;;;;
;HHA;;;;
;AYN;;;;
;AYS;;;;
;AYT;;;;
3G;AYZ;;;;
AZ;AZA;;;;
;AZB;;;;
ZE;AZE;;;;
A2;AZI;;;;
;AZK;;;;
;AZL;;;;
;AZM;;;;
;AZP;;;;
;AZS;;;;
;AZT;;;;
;AZV;;;;
;MHC;;;;
;AZY;;;;
;AZZ;;;;
;NAR;;;;
;NAU;;;;
;NER;;;;
;NFF;;;;
;OBA;;;;
;OBK;;;;
R7;OCA;;;;
;NFS;;;;
;NGC;;;;
;NGE;;;;
;NGF;;;;
;OUL;;;;
;OVA;;;;
;XPE;;;;
;XSS;;;;
;XTJ;;;;
;TLR;;;;
;OVC;;;;
;RVE;;;;
;RVI;;;;
;RVL;;;;
;OVE;;;;
;OVI;;;;
;PTD;;;;
;PTE;;;;
;PLL;;;;
;PLM;;;;
RX;AEH;;;;
;PSG;;;;
;SLU;;;;
;SCU;;;;
;SIP;;;;
;BMV;;;;
;GUG;;;;
;PXX;;;;
;PYC;;;;
;PVK;;;;
;BAS;;;;
;BBE;;;;
;BBT;;;;
;MCY;;;;
MQ;EGF;;;;
;PUE;;;;
;PUT;;;;
ZS;AZI;;;;
FF;;;;;
ML;ETC;;;;
;VUE;;;;
;XCT;;;;
;VRO;;;;
;VRI;;;;
;VEG;;;;
;VVG;;;;
;VLR;;;;
;WIL;;;;
;VEJ;;;;
;WAB;;;;
;VNG;;;;
;VAD;;;;
;VMR;;;;
;VLS;;;;
;XAA;;;;
;VUO;;;;
;VTM;;;;
VU;VUN;;;;
BP;BOT;;;;
;XPR;;;;
;XLL;;;;
;VAE;;;;
;WHY;;;;
;WDR;;;;
;XEC;;;;
GS;UPA;;;;
;VTY;;;;
VT;VTA;;;;
3N;URG;;;;
;VDR;;;;
VL;VIM;;;;
;WLR;;;;
;URA;;;;
;XLB;;;;
;WLA;;;;
;XFX;;;;
;WAY;;;;
;WGS;;;;
;XAK;;;;
;WPK;;;;
;VAB;;;;
;URP;;;;
;WPR;;;;
;URR;;;;
;UST;;;;
;WLT;;;;
;VLV;;;;
;VME;;;;
;VVA;;;;
;WLV;;;;
FK;WTA;;;;
;VNT;;;;
;VZR;;;;
;VID;;;;
G2;VXG;;;;
;VXX;;;;
;XAM;;;;
;XAO;;;;
;VAZ;;;;
V8;VAS;;;;
;VAM;;;;
K6;KHV;;;;
;VBC;;;;
;XKX;;;;
;XAT;;;;
;VAI;;;;
;VRT;;;;
VE;AVE;;;;
V5;VLI;;;;
;VSA;;;;
;VSC;;;;
;XAV;;;;
;VTT;;;;
;VSR;;;;
;VTG;;;;
;XJA;;;;
;XFS;;;;
;XME;;;;
;XMG;;;;
;CAJ;;;;
;CAO;;;;
;CBE;;;;
;CBO;;;;
;CBS;;;;
;CBV;;;;
CA;CCA;;;;
;CDA;;;;
Q6;CDP;;;;
;CDU;;;;
;CDV;;;;
;CFF;;;;
;CFM;;;;
;CFR;;;;
;CFV;;;;
;CGB;;;;
;CGV;;;;
;CGW;;;;
;CHJ;;;;
;CHR;;;;
;CHV;;;;
;CID;;;;
5F;CIR;;;;
;CKL;;;;
;CLL;;;;
;CLP;;;;
;CMF;;;;
;CND;;;;
;CNE;;;;
;CNH;;;;
;CNU;;;;
;CNX;;;;
;CPF;;;;
QC;CRD;;;;
NV;CRF;;;;
;CRJ;;;;
;CRP;;;;
;CRQ;;;;
;CTA;;;;
;CTE;;;;
;CTR;;;;
;CUO;;;;
CV;CVA;;;;
CW;CWM;;;;
;CWP;;;;
;CYL;;;;
;CYO;;;;
ZA;CYD;;;;
;CYE;;;;
AH;DAH;;;;
;DAP;;;;
;DBA;;;;
;DBD;;;;
;DEF;;;;
;DEG;;;;
KI;DHI;;;;
ER;DHL;;;;
;DHM;;;;
;DIC;;;;
;DIN;;;;
HO;DJA;;;;
;DJU;;;;
EN;DLA;;;;
;DLS;;;;
;DLU;;;;
;DMC;;;;
;DMI;;;;
;DML;;;;
;DNA;;;;
;DNC;;;;
;DNJ;;;;
NM;DRD;;;;
;DRM;;;;
;DRO;;;;
;DSC;;;;
;DSK;;;;
;DST;;;;
;DVI;;;;
;DYN;;;;
;EAE;;;;
;EAP;;;;
;EAT;;;;
EE;EAY;;;;
;EBC;;;;
4F;ECE;;;;
;ECG;;;;
;ECL;;;;
;ECM;;;;
;EDA;;;;
;EET;;;;
;EFC;;;;
EI;EIN;;;;
;EJP;;;;
E8;ELG;;;;
;END;;;;
;ENW;;;;
;EOL;;;;
;EOM;;;;
;EPL;;;;
;EPE;;;;
KY;EQL;;;;
;ERG;;;;
;ERI;;;;
;ERK;;;;
;ERM;;;;
;ESB;;;;
;ESO;;;;
;ESU;;;;
;ESZ;;;;
;ETE;;;;
;EUK;;;;
;EVE;;;;
;EVR;;;;
;EWE;;;;
;EXG;;;;
;FAC;;;;
;FAG;;;;
PC;FAJ;;;;
;FAN;;;;
;FBW;;;;
;FCI;;;;
;FCO;;;;
;FCU;;;;
;FDA;;;;
;FDS;;;;
;FGT;;;;
;FIC;;;;
OF;FIF;;;;
;FII;;;;
;FIX;;;;
FJ;FJI;;;;
;FLD;;;;
RC;FLI;;;;
QH;FLZ;;;;
;FMT;;;;
;FNM;;;;
;FNO;;;;
;FNX;;;;
;FPY;;;;
;FRJ;;;;
;FRK;;;;
;FRQ;;;;
;FRT;;;;
;FST;;;;
;FTC;;;;
;FTY;;;;
NY;FXI;;;;
2P;GAP;;;;
;GAU;;;;
;GBJ;;;;
;GCF;;;;
;GCK;;;;
;GFO;;;;
;GGL;;;;
ZX;GGN;;;;
;GHL;;;;
;GHN;;;;
;GIL;;;;
2U;GIP;;;;
;GIZ;;;;
;GLL;;;;
;GLT;;;;
;GME;;;;
;GMM;;;;
;GMS;;;;
0A;GNT;;;;
;GOA;;;;
;GRE;;;;
DA;GRG;;;;
;GRI;;;;
GL;GRL;;;;
LL;GRO;;;;
;GRR;;;;
;GRX;;;;
;GSP;;;;
;GSV;;;;
;GTC;;;;
5Y;GTI;;;;
;GTP;;;;
;GUA;;;;
GG;GUY;;;;
;GVI;;;;
H9;HAD;;;;
GG;HAH;;;;
;HAT;;;;
;HEI;;;;
;HGH;;;;
;HID;;;;
;HJA;;;;
HD;HLN;;;;
;HJT;;;;
;HKH;;;;
;HMA;;;;
;HMT;;;;
;HOM;;;;
;HPO;;;;
;HQO;;;;
;HYR;;;;
8C;HZT;;;;
;IAE;;;;
;ICM;;;;
;IFI;;;;
;IKM;;;;
;ILK;;;;
;IME;;;;
;IMN;;;;
;INA;;;;
;ING;;;;
;INO;;;;
;IPL;;;;
;IRD;;;;
;IRH;;;;
;IRW;;;;
;IRX;;;;
;ITE;;;;
;ITF;;;;
;ITO;;;;
;IVE;;;;
;IWS;;;;
W9;JAB;;;;
;JAD;;;;
;JAR;;;;
;JEE;;;;
;UTX;;;;
;JMR;;;;
;JMX;;;;
;JOA;;;;
;JOB;;;;
IP;JOL;;;;
;JPR;;;;
;JTS;;;;
;JUA;;;;
QK;JZA;;;;
;KAA;;;;
;KAD;;;;
;KAM;;;;
;KAV;;;;
;KEK;;;;
;KFK;;;;
;KFT;;;;
;KGD;;;;
;KHH;;;;
;KIE;;;;
;KKB;;;;
KK;KKK;;;;
;KLB;;;;
;KLZ;;;;
JS;KOR;;;;
;KOY;;;;
;KRE;;;;
;KRT;;;;
;KSI;;;;
;KTN;;;;
;KVR;;;;
;KYC;;;;
KC;KZR;;;;
;LAG;;;;
;;;;;
LV;LBC;;;;
;LBI;;;;
;LBW;;;;
;LDG;;;;
3S;BOX;;;;
;LDN;;;;
;LDR;;;;
;LEM;;;;
;LET;;;;
;LFA;;;;
;LFC;;;;
;LGN;;;;
;LHR;;;;
D4;LID;;;;
;LIE;;;;
;LKP;;;;
;LKS;;;;
;LKY;;;;
9I;LLR;;;;
;LMA;;;;
;LML;;;;
;LMP;;;;
;LMT;;;;
;LMX;;;;
;LMY;;;;
;LMZ;;;;
XL;LNE;;;;
;LNK;;;;
;LNT;;;;
;LOK;;;;
;LOU;;;;
;LPC;;;;
A6;LPV;;;;
;LRO;;;;
;LRW;;;;
;LSK;;;;
;LSM;;;;
;LSR;;;;
;LTI;;;;
;LUC;;;;
TD;LUR;;;;
;LVN;;;;
;LVR;;;;
L8;LXG;;;;
LK;LXR;;;;
;LYT;;;;
;LZP;;;;
;LZR;;;;
;MAM;;;;
MK;MAU;;;;
;MBA;;;;
;MBB;;;;
;MBC;;;;
;MBV;;;;
;MCB;;;;
;MCD;;;;
;MCO;;;;
;MDC;;;;
MD;MDG;;;;
;MDX;;;;
;MEF;;;;
;MFL;;;;
;MGE;;;;
;MGS;;;;
;MIE;;;;
9U;MLD;;;;
;MLF;;;;
L9;MLI;;;;
;MLN;;;;
;MMC;;;;
;MMD;;;;
;MMM;;;;
;MMP;;;;
;MMX;;;;
;MNE;;;;
;MNG;;;;
;MOC;;;;
;MOP;;;;
;MOR;;;;
A7;MPD;;;;
QO;MPX;;;;
;MQT;;;;
;MRL;;;;
;MRM;;;;
;MRP;;;;
MR;MRT;;;;
;MSC;;;;
;MSK;;;;
;MSM;;;;
;MSO;;;;
;MSV;;;;
;MTB;;;;
;MTE;;;;
;MTK;;;;
;MTY;;;;
;MXO;;;;
;MYS;;;;
;MZK;;;;
;MZL;;;;
3S*;AEN;;;;
2V*;;;;;
8D*;SUW;;;;
F4;NBK;;;;
;NCL;;;;
;NEL;;;;
;NGV;;;;
;NID;;;;
;NIE;;;;
AJ;NIG;;;;
;NKZ;;;;
;NRS;;;;
;NSO;;;;
;NTD;;;;
;NTV;;;;
;NUL;;;;
;NVI;;;;
;NWG;;;;
;NXA;;;;
;OAO;;;;
;OGI;;;;
;OLV;;;;
;OMG;;;;
;ONR;;;;
;ONT;;;;
;ORP;;;;
;ORS;;;;
;OSN;;;;
;OSO;;;;
;PAJ;;;;
;PBT;;;;
8Y;PBU;;;;
;PCG;;;;
;PCK;;;;
;PCS;;;;
OT;PEL;;;;
;PEV;;;;
;PFI;;;;
;PFT;;;;
;PHR;;;;
;PHW;;;;
;PIE;;;;
;PIF;;;;
;PKA;;;;
;PNL;;;;
;PNU;;;;
;POY;;;;
;PRI;;;;
;PRT;;;;
AD;PRZ;;;;
;PSE;;;;
;PSL;;;;
;PVA;;;;
;PZA;;;;
QD;QCL;;;;
;QEA;;;;
;QAT;;;;
;QKC;;;;
;QLA;;;;
QS;QSC;;;;
;QUI;;;;
;RAD;;;;
;RAI;;;;
;RAP;;;;
;RBE;;;;
;RBJ;;;;
4Y;RBU;;;;
;RBV;;;;
AG;ARU;;;;
;RCC;;;;
;RCE;;;;
;RCF;;;;
MC;RCH;;;;
;RCI;;;;
;RCO;;;;
;RCP;;;;
;RCQ;;;;
;RCU;;;;
;RCX;;;;
;RDD;;;;
;RDM;;;;
RE;REA;;;;
;REN;;;;
;RES;;;;
UU;REU;;;;
;REY;;;;
;RFC;;;;
ZP;AZP;;;;
;RFD;;;;
;RGO;;;;
;RGT;;;;
;RHL;;;;
;RIF;;;;
;RIS;;;;
6K;RIT;;;;
;RJS;;;;
;RKA;;;;
A5;RLA;;;;
;RLK;;;;
;RLL;;;;
QL;RLN;;;;
;RLZ;;;;
;RMD;;;;
R3;RME;;;;
MV;RML;;;;
;RMO;;;;
;RMX;;;;
2O;RNE;;;;
;RNM;;;;
;RNR;;;;
U8;RNV;;;;
;ROE;;;;
;ROH;;;;
;ROI;;;;
;ROL;;;;
BQ;ROM;;;;
;ROO;;;;
;ROD;;;;
P5;RPB;;;;
;RPC;;;;
;RRC;;;;
;RRE;;;;
;RRM;;;;
;RSC;;;;
BF;RSR;;;;
5L;RSU;;;;
;RTE;;;;
;RTH;;;;
;RTO;;;;
;RTQ;;;;
;RTU;;;;
;RUD;;;;
;RUM;;;;
;RUN;;;;
;RVP;;;;
;RVT;;;;
;RWB;;;;
;RWC;;;;
;RWY;;;;
;RXT;;;;
;RWS;;;;
;RZL;;;;
;RZN;;;;
;RZZ;;;;
;SBH;;;;
;SCD;;;;
;SCM;;;;
EX;SDO;;;;
;SDP;;;;
;SEF;;;;
JR;SER;;;;
;SGV;;;;
;SHH;;;;
;SIY;;;;
;SIZ;;;;
;SJN;;;;
;SKP;;;;
;SMI;;;;
Z3;SMJ;;;;
;SOD;;;;
;SOE;;;;
;SOG;;;;
;SPD;;;;
M3;SPJ;;;;
;SPO;;;;
;SPY;;;;
;SPZ;;;;
;SQR;;;;
;SRI;;;;
;SRV;;;;
;SSL;;;;
;SSM;;;;
;SSN;;;;
;STK;;;;
;STT;;;;
;SUE;;;;
;SUY;;;;
GM;SVK;;;;
;SWH;;;;
R3;SYL;;;;
;SYT;;;;
;TAA;;;;
VW;TAO;;;;
;TBL;;;;
;TBO;;;;
JY;TCI;;;;
;TCO;;;;
;TDG;;;;
;TDT;;;;
;TDY;;;;
;TED;;;;
OR;TFL;;;;
;TIR;;;;
;TLB;;;;
;TLD;;;;
;TLE;;;;
;TLU;;;;
;TME;;;;
;TOC;;;;
;TOH;;;;
CG;TOK;;;;
;TON;;;;
;TPB;;;;
TY;TPC;;;;
;TPK;;;;
;TPO;;;;
;TQS;;;;
;TRH;;;;
FL;TRS;;;;
TS;TSC;;;;
;TSQ;;;;
;TTB;;;;
;TTE;;;;
;TUN;;;;
EC;TWN;;;;
;TXD;;;;
;TXF;;;;
;TXI;;;;
;TZA;;;;
;TZT;;;;
;UAG;;;;
;UAR;;;;
;UCK;;;;
DW;UCR;;;;
U7;UGA;;;;
;UED;;;;
6U;UKR;;;;
;UMB;;;;
;UND;;;;
;USC;;;;
;VNR;;;;
;FLP;;;;
6R;DRU;;;;
AD;AZU;;;;
6A;CHP;;;;
JZ;SKX;;;;
;SRY;;;;
WD*;AAN;;;;
;AAT;;;;
;ABI;;;;
;ACB;;;;
;ACH;;;;
;ACJ;;;;
;AAE;;;;
;AAE;;;;
AQ;AAH;;;;
;AAJ;;;;
;AAN;;;;
;AAP;;;;
;AAP;;;;
3J;AAQ;;;;
;AAR;;;;
;AAS;;;;
;AAS;;;;
OB;AAT;;;;
;AAV;;;;
;AAW;;;;
SM;AAW;;;;
;AAW;;;;
KJ;AAZ;;;;
BX;ABL;;;;
AK;ABR;;;;
;ABT;;;;
;ABE;;;;
;ACE;;;;
YE;ACQ;;;;
;ACS;;;;
;ABS;;;;
;ADF;;;;
;ADT;;;;
;ADZ;;;;
;ADW;;;;
;AED;;;;
;AED;;;;
;AEG;;;;
;AEI;;;;
;AEK;;;;
;AES;;;;
;AET;;;;
VJ;AFF;;;;
;AFM;;;;
QH;FLA;;;;
3O;MAC;;;;
;ADO;;;;
;MRY;;;;
;PNK;;;;
;AFN;;;;
;BDV;;;;
;TTN;;;;
;ATZ;;;;
;ARO;;;;
;CRV;;;;
;ADC;;;;
;DDS;;;;
;TEC;;;;
;AXX;;;;
;AAX;;;;
;ADV;;;;
;DVN;;;;
;EBS;;;;
;ALS;;;;
;AEF;;;;
;DRD;;;;
;FUT;;;;
;MMG;;;;
;AGI;;;;
;WWG;;;;
;AKR;;;;
;RRB;;;;
;ARP;;;;
;EPU;;;;
;XPN;;;;
;TEJ;;;;
;GHM;;;;
;GLM;;;;
;GUE;;;;
;ABA;;;;
;AJH;;;;
;AOB;;;;
;ERC;;;;
;BSO;;;;
;NVA;;;;
;LUE;;;;
;MLL;;;;
;AVX;;;;
;CTD;;;;
;RRO;;;;
;FAQ;;;;
;PLS;;;;
;LIN;;;;
;PCP;;;;
;ALT;;;;
;DMJ;;;;
;AHL;;;;
;LDL;;;;
;APR;;;;
;VSC;;;;
HD;ADO;;;;
;AGM;;;;
X9;NVD;;;;
;BAH;;;;
UJ;LMU;;;;
;AVD;;;;
;PNX;;;;
;AHO;;;;
;BBF;;;;
JD;CBJ;;;;
;OUF;;;;
;OTA;;;;
;BWD;;;;
;TBL;;;;
;CWR;;;;
;BJV;;;;
;BHK;;;;
;BXJ;;;;
;BYG;;;;
;BOB;;;;
ID;BTK;;;;
;BBJ;;;;
;BCJ;;;;
;BNA;;;;
;PVO;;;;
;BAA;;;;
;BAB;;;;
;BAC;;;;
;BAE;;;;
;BAF;;;;
8Q*;BAJ;;;;
;BAK;;;;
L9;BAL;;;;
;BAL;;;;
;BAM;;;;
;BAN;;;;
;BAR;;;;
;BAU;;;;
;BAV;;;;
BA;BAW;;;;
;BAX;;;;
;BAY;;;;
;BBA;;;;
BG;BBC;;;;
BO;BBD;;;;
;BBS;;;;
;BBV;;;;
;BBZ;;;;
B4;BCF;;;;
;BCI;;;;
;BCL;;;;
;BCR;;;;
;BCT;;;;
;BCV;;;;
WX;BCY;;;;
BZ;BDA;;;;
JA;BON;;;;
;BDF;;;;
;AYB;;;;
;BDR;;;;
;BEA;;;;
;BED;;;;
;AJC;;;;
;BEF;;;;
;BEH;;;;
;BEK;;;;
;BET;;;;
;BFC;;;;
;BFG;;;;
J4;BFL;;;;
;BFO;;;;
;BFR;;;;
;BFS;;;;
;BFW;;;;
8H;BGH;;;;
;BGI;;;;
;BGK;;;;
A8;BGL;;;;
;BGM;;;;
;BGR;;;;
;BGT;;;;
;BHA;;;;
;BHI;;;;
;BHL;;;;
;BHN;;;;
;BHO;;;;
4T;BHP;;;;
;BHR;;;;
UP;BHS;;;;
;BHT;;;;
E6;;;;;
LZ;;;;;
TH;;;;;
;BHY;;;;
;BID;;;;
;BIG;;;;
BS;BIH;;;;
;BIL;;;;
;BIN;;;;
;BIO;;;;
;BIR;;;;
;BIZ;;;;
;BJA;;;;
;BJC;;;;
;BJS;;;;
B4;BKA;;;;
;BKF;;;;
;BKK;;;;
;BKJ;;;;
PG;BKP;;;;
;BKV;;;;
;BLB;;;;
;BLC;;;;
;BLE;;;;
KF;BLF;;;;
;BLG;;;;
;BLH;;;;
;BLJ;;;;
;BLL;;;;
;BLN;;;;
JV;BLS;;;;
;BLT;;;;
B3;BLV;;;;
BD;BMA;;;;
BM;BMR;;;;
;BMD;;;;
;BME;;;;
;BMH;;;;
WW;BMI;;;;
CH;BMJ;;;;
5Z;BML;;;;
;BMN;;;;
;BMW;;;;
;BMX;;;;
;BND;;;;
;BNE;;;;
;BNG;;;;
;BNJ;;;;
;BNL;;;;
;BNR;;;;
;BNS;;;;
;BNT;;;;
;BNV;;;;
;BNW;;;;
;BOA;;;;
;BOD;;;;
;BOE;;;;
;BOF;;;;
;BOO;;;;
BO;BOU;;;;
BV;BPA;;;;
;BPK;;;;
;BPO;;;;
;BPS;;;;
;BPT;;;;
;BPX;;;;
7R;BRB;;;;
;BRD;;;;
;BRE;;;;
8E;BRG;;;;
;BRK;;;;
;BRN;;;;
;BRO;;;;
;BRS;;;;
;BRT;;;;
B2;BRU;;;;
;BRV;;;;
;BRW;;;;
BN;BNF;;;;
;BRX;;;;
;BRY;;;;
;BSC;;;;
;BSD;;;;
;BSI;;;;
;BSJ;;;;
;BSM;;;;
;BSS;;;;
;BST;;;;
;BSW;;;;
GQ;BSY;;;;
V9;BTC;;;;
;BTH;;;;
;BTK;;;;
BQ;BTL;;;;
;BTR;;;;
;GAA;;;;
;BTT;;;;
Y6;BTV;;;;
L9;BTZ;;;;
1T;BUC;;;;
;BUL;;;;
BU;BUN;;;;
;BUZ;;;;
;BVA;;;;
;BVC;;;;
;BVN;;;;
J8;BVT;;;;
;BVU;;;;
QW;BWG;;;;
;BWI;;;;
;BWL;;;;
;BXA;;;;
;BXH;;;;
SN;BXI;;;;
8W?;;;;;
;BYA;;;;
;BYC;;;;
;BYF;;;;
;BYL;;;;
;BYR;;;;
;BYE;;;;
;BZA;;;;
DB;BZH;;;;
;BZZ;;;;
;AUJ;;;;
;CKM;;;;
;CLF;;;;
;CLN;;;;
;CPJ;;;;
E9;CXS;;;;
SN;BEL;;;;
;EAH;;;;
;EBA;;;;
;EXB;;;;
;EXP;;;;
;FOS;;;;
;HAW;;;;
;HAX;;;;
NT;IBB;;;;
;IRJ;;;;
;IVR;;;;
0B;BMS;;;;
KJ;LAJ;;;;
;LBY;;;;
;LED;;;;
;LTL;;;;
;LXJ;;;;
FB;LZB;;;;
;MBR;;;;
8N;NKF;;;;
;NYB;;;;
;OGJ;;;;
;PEB;;;;
;PNT;;;;
;POI;;;;
;PPS;;;;
;RHD;;;;
;RLR;;;;
;RPX;;;;
;RRS;;;;
;SCJ;;;;
;SHT;;;;
;SKH;;;;
;TXB;;;;
;UKA;;;;
;VLX;;;;
;VOL;;;;
;WFD;;;;
;WTN;;;;
;XBO;;;;
;XDA;;;;
;XMS;;;;
;ZBA;;;;
;BLM;;;;
;JMP;;;;
CJ;CFE;;;;
OB;BOV;;;;
YB;BRJ;;;;
BW;BWA;;;;
;QAI;;;;
;CNW;;;;
;CRF;;;;
;CBH;;;;
;CCT;;;;
;CME;;;;
;CAA;;;;
;BKR;;;;
;BFN;;;;
;AWX;;;;
;BBN;;;;
;ATQ;;;;
;APL;;;;
;AIO;;;;
;AID;;;;
;;;;;
;;;;;
;;;;;
7N;PWD;;;;
;;;;;
;;;;;
;;;;;
;;;;;
;;;;;
;;;;;
;;;;;
;SMW;;;;
;CCL;;;;
;CCB;;;;
;CYH;;;;
;CFB;;;;
;XCA;;;;
;GCY;;;;
;TIP;;;;
;SRJ;;;;
;ORO;;;;
;RWG;;;;
;RMU;;;;
;CJZ;;;;
;CRC;;;;
;AUN;;;;
;CBI;;;;
;CPI;;;;
5C;ICL;;;;
;CMR;;;;
;CTZ;;;;
;CCF;;;;
;CED;;;;
;HBI;;;;
;HEM;;;;
AW;SCH;;;;
;HKS;;;;
;VCI;;;;
;CKC;;;;
;CMZ;;;;
;CNT;;;;
;OAP;;;;
;PDR;;;;
;CRH;;;;
;IRO;;;;
;CSE;;;;
;CTQ;;;;
;CBR;;;;
;CVE;;;;
;CWD;;;;
;CXE;;;;
;CCE;;;;
;CGC;;;;
;REZ;;;;
;CSL;;;;
3C;CMV;;;;
MO;CAV;;;;
R9;CAM;;;;
K6;KHV;;;;
UY;UYC;;;;
;HSO;;;;
C6;CJA;;;;
;PIL;;;;
CP;CDN;;;;
;CTG;;;;
;HIA;;;;
;CFC;;;;
;BZD;;;;
;CDN;;;;
;TKR;;;;
;XNC;;;;
5T;MPE;;;;
CP;CPC;;;;
;CDR;;;;
;CWH;;;;
W2;CWA;;;;
;CWW;;;;
;CUI;;;;
9K;KAP;;;;
;CTO;;;;
;SEM;;;;
;CMY;;;;
;CPX;;;;
;CPD;;;;
;NCP;;;;
PT;CCI;;;;
;CCQ;;;;
;EGL;;;;
;CEX;;;;
;CWZ;;;;
;VAN;;;;
;CWN;;;;
;FVA;;;;
;GOL;;;;
;CDI;;;;
;CFH;;;;
;CDM;;;;
;EST;;;;
GG;GGC;;;;
;MCX;;;;
;CRV;;;;
;CLM;;;;
;CLA;;;;
;CTW;;;;
2G;CRG;;;;
W8;CJT;;;;
CV;CLX;;;;
C8;ICV;;;;
;CGM;;;;
;DEL;;;;
;BCB;;;;
;PWD;;;;
;DCC;;;;
;CLT;;;;
;CLT;;;;
BW;BWA;;;;
;IQQ;;;;
;CSX;;;;
;TLC;;;;
8B;GFI;;;;
;CRB;;;;
;CRT;;;;
;CVG;;;;
V3;KRP;;;;
;CRR;;;;
;ULS;;;;
;CMT;;;;
;CSO;;;;
;CSP;;;;
RV;CPN;;;;
;CSJ;;;;
;CAZ;;;;
;CBT;;;;
;TEX;;;;
KA;HDA;;;;
CX;CPA;;;;
;CJR;;;;
KX;CAY;;;;
5J;CEB;;;;
;CIL;;;;
;CEG;;;;
;CEC;;;;
;CWE;;;;
;CEV;;;;
;CNL;;;;
;CNS;;;;
;CVO;;;;
;CTS;;;;
;CET;;;;
;CAX;;;;
;CTL;;;;
;CNY;;;;
;ACN;;;;
;YOG;;;;
;DRN;;;;
;CMA;;;;
;CHA;;;;
;CEM;;;;
9M;GLR;;;;
;CQC;;;;
;CSI;;;;
;CLW;;;;
;DTV;;;;
;CGS;;;;
J7;CVC;;;;
;CCV;;;;
;ACF;;;;
WE;CWC;;;;
;URY;;;;
;HAI;;;;
;XAD;;;;
;CER;;;;
;IRU;;;;
;CLG;;;;
OP;CHK;;;;
;CLS;;;;
;CHS;;;;
;OFF;;;;
;CHG;;;;
;CPH;;;;
MG;CCP;;;;
;NCH;;;;
2Z;CGN;;;;
;CHN;;;;
;WML;;;;
;CPL;;;;
S8;CSU;;;;
;CAH;;;;
;HMD;;;;
;CGD;;;;
;CHW;;;;
;HRT;;;;
RP*;CHQ;;;;
;CBB;;;;
;CHM;;;;
;CHZ;;;;
;CMK;;;;
;CBM;;;;
;CCY;;;;
;CAB;;;;
;CVR;;;;
;CYA;;;;
;CGO;;;;
C8;WDY;;;;
;RAT;;;;
;CCH;;;;
;DES;;;;
;CAD;;;;
;ETN;;;;
CI;CAL;;;;
CK;CKK;;;;
MU;CES;;;;
G5;HXA;;;;
;CFA;;;;
;CTH;;;;
;CAG;;;;
CJ;CBF;;;;
WH;CNW;;;;
;CHC;;;;
8Y;CYZ;;;;
CZ;CSN;;;;
;CXN;;;;
KN;CUA;;;;
XO;CXH;;;;
3Q;CYH;;;;
;CGU;;;;
;CEP;;;;
;CPW;;;;
X7;CHF;;;;
;CAS;;;;
;OEC;;;;
;CHO;;;;
;CHU;;;;
A2;CIU;;;;
QI;CIM;;;;
C7;CIN;;;;
;RRU;;;;
;NTS;;;;
C9;RUS;;;;
;JTI;;;;
;FIV;;;;
;XCX;;;;
;HZX;;;;
CF;SDR;;;;
G3;CIX;;;;
;XBG;;;;
WX;BCY;;;;
;CAQ;;;;
;CII;;;;
CJ;CFE;;;;
;CNB;;;;
;HSR;;;;
;CIW;;;;
;CAP;;;;
CT;CAT;;;;
;CIA;;;;
;CIV;;;;
;CBA;;;;
;FMC;;;;
;CLK;;;;
;CSF;;;;
;CLY;;;;
;CGK;;;;
;CLZ;;;;
;CLD;;;;
;SDJ;;;;
6P;ISG;;;;
BX;CST;;;;
DQ;;;;;
;TCL;;;;
;CNG;;;;
;CSV;;;;
;CHL;;;;
;OLR;;;;
;CLE;;;;
9L;CJC;;;;
;CAE;;;;
YD;CAT;;;;
;CCX;;;;
;WCO;;;;
;KLR;;;;
;GHP;;;;
OH;COM;;;;
MN;CAW;;;;
;GCM;;;;
;CDE;;;;
;CVV;;;;
;CRS;;;;
;CMG;;;;
;FYN;;;;
;CMJ;;;;
;CLA;;;;
;CMH;;;;
;CTM;;;;
;CML;;;;
;CRM;;;;
;CMS;;;;
;GAR;;;;
;CJS;;;;
C5;UCA;;;;
KR;CWK;;;;
;CGR;;;;
;CMM;;;;
;CPM;;;;
;GIC;;;;
;AIF;;;;
;ATF;;;;
;LCT;;;;
;EJV;;;;
;HSE;;;;
;MDR;;;;
GJ;MXC;;;;
;HSS;;;;
;TAV;;;;
;CYF;;;;
CP;CPZ;;;;
;CPS;;;;
;XCO;;;;
;XCS;;;;
;CRC;;;;
;COD;;;;
;CNR;;;;
;CIB;;;;
DE;CFG;;;;
;COF;;;;
;CAK;;;;
;CGA;;;;
;ROY;;;;
;BSN;;;;
;CAC;;;;
;CXO;;;;
;VCH;;;;
;UZA;;;;
;KIS;;;;
;XCL;;;;
CO;COA;;;;
PC;PVV;;;;
CO;;;;;
CS;CMI;;;;
;CON;;;;
V0;VCV;;;;
;CKA;;;;
;SVY;;;;
CM;CMP;;;;
;CAT;;;;
;COP;;;;
;AAQ;;;;
CQ;CCW;;;;
XC;CAI;;;;
CD;CND;;;;
;CRA;;;;
;CPB;;;;
;CNC;;;;
;CPG;;;;
;CGY;;;;
;CPT;;;;
;CPR;;;;
;CPO;;;;
;COO;;;;
;CKE;;;;
;VHT;;;;
;VTE;;;;
;CJI;;;;
SS;CRL;;;;
XK;CCM;;;;
F5;COZ;;;;
;COT;;;;
;CHI;;;;
;MGB;;;;
;NSW;;;;
;CIK;;;;
;CSD;;;;
;CUT;;;;
;OU;;;;
;CVL;;;;
;COW;;;;
7C;COY;;;;
;CFD;;;;
;CRE;;;;
;ELM;;;;
;CAN;;;;
;KRM;;;;
OU;CTN;;;;
;HRZ;;;;
;CRX;;;;
QE;ECC;;;;
;CWX;;;;
;CKR;;;;
;CRO;;;;
;CRW;;;;
;VCR;;;;
;CTY;;;;
;CYT;;;;
;IRO;;;;
CU;CUB;;;;
;CTF;;;;
;CBL;;;;
;CTT;;;;
;RGN;;;;
;CYC;;;;
;CYS;;;;
CY;CYP;;;;
YK;KYV;;;;
;CEF;;;;
;AHD;;;;
OK;CSA;;;;
;CIE;;;;
8L;CGP;;;;
GJ;CDC;;;;
;HNL;;;;
5Z;KEM;;;;
;JLH;;;;
;FCB;;;;
;CVK;;;;
XG;CLI;;;;
;ABA;;;;
;DJT;;;;
;DPJ;;;;
;DJR;;;;
;DLC;;;;
;DNS;;;;
;DRF;;;;
;DMF;;;;
;NAU;;;;
;GDF;;;;
;DDA;;;;
;DNK;;;;
V5;VPA;;;;
;DHE;;;;
;VLF;;;;
WD;DSR;;;;
;RKC;;;;
DX;DTR;;;;
;ENT;;;;
;BDN;;;;
;DSN;;;;
;DET;;;;
;DGO;;;;
;DAE;;;;
D0;DHK;;;;
;DHV;;;;
ES;DHX;;;;
L3;JOS;;;;
;RSK;;;;
D3;DAO;;;;
N2;DAG;;;;
;DHA;;;;
;DCS;;;;
;DCX;;;;
;DKA;;;;
;DLR;;;;
H8;KHB;;;;
;DXP;;;;
;DAS;;;;
;DSA;;;;
;DOP;;;;
;DAF;;;;
DD;DDL;;;;
;DAR;;;;
;DNY;;;;
;DNU;;;;
;DRT;;;;
0D;DWT;;;;
;DSQ;;;;
;DSH;;;;
;GOB;;;;
;DGX;;;;
;DAB;;;;
;CVF;;;;
;DSO;;;;
;DTN;;;;
;XDT;;;;
D5;DAU;;;;
;DCO;;;;
;DWN;;;;
;DJS;;;;
;DAY;;;;
;DHC;;;;
;IAY;;;;
;DAA;;;;
;DKN;;;;
;JDC;;;;
;DWR;;;;
;DEA;;;;
;SNO;;;;
;ELJ;;;;
DL;DAL;;;;
;KMB;;;;
;DLI;;;;
;DSU;;;;
J7;DNM;;;;
;FEC;;;;
;DJT;;;;
;FGC;;;;
;DRY;;;;
;DRX;;;;
;MIZ;;;;
;DTY;;;;
2A;;;;;
1I;AMB;;;;
;LFO;;;;
;DIS;;;;
;SPK;;;;
;DRB;;;;
;DGT;;;;
;DIP;;;;
;ENA;;;;
;DIA;;;;
;XAP;;;;
;DCT;;;;
;SXP;;;;
AW;DIR;;;;
;DCV;;;;
DH;DVA;;;;
;XDS;;;;
;DIX;;;;
;DEE;;;;
Z6;UDN;;;;
;FDN;;;;
;IXX;;;;
;DPL;;;;
YU;ADM;;;;
;MYO;;;;
DO;DOA;;;;
E3;DMO;;;;
;DVB;;;;
;DON;;;;
D9;DNV;;;;
5D;UDC;;;;
;DAD;;;;
;DOR;;;;
;DAV;;;;
;DOM;;;;
;DCA;;;;
KB;DRK;;;;
;DRE;;;;
;DUB;;;;
;DBK;;;;
;DUK;;;;
;DBJ;;;;
;LPD;;;;
;DUN;;;;
;PHD;;;;
;VVF;;;;
;DUO;;;;
;DJE;;;;
;DNL;;;;
;DCE;;;;
;DBR;;;;
;DBR;;;;
;DFS;;;;
;XDY;;;;
;DNR;;;;
;DYE;;;;
;DYA;;;;
DI;BAG;;;;
;EES;;;;
;EBF;;;;
MQ;ENY;;;;
;EVK;;;;
;ENK;;;;
EL;ELB;;;;
;EVT;;;;
;ELN;;;;
;ECC;;;;
;ELU;;;;
;LTD;;;;
;EPR;;;;
;XSL;;;;
;XSR;;;;
;EZJ;;;;
9A;EZX;;;;
;MNU;;;;
;;;;;
E1;;;;;
;EHD;;;;
1C;;;;;
1Y;;;;;
;EXW;;;;
;EFS;;;;
;EFD;;;;
;FSD;;;;
;EIS;;;;
;IAG;;;;
;ESI;;;;
;EUY;;;;
VE;EUJ;;;;
BR;EVA;;;;
;ICR;;;;
;FEI;;;;
;;;;;
;EGR;;;;
EY;EFL;;;;
H7;EGU;;;;
NZ;EAG;;;;
;EGX;;;;
;GYP;;;;
;EGN;;;;
;SEG;;;;
;EGJ;;;;
;EMD;;;;
;ERX;;;;
QU;UTN;;;;
S9;HSA;;;;
;EXZ;;;;
;EMU;;;;
;ECT;;;;
;ECJ;;;;
;EHA;;;;
;EKC;;;;
;CTK;;;;
;DXH;;;;
;EWA;;;;
ZE;ESR;;;;
;EAZ;;;;
;EAX;;;;
EA;EAL;;;;
;EAL;;;;
T3;EZE;;;;
QF;EAQ;;;;
;ECI;;;;
;GNS;;;;
;LIS;;;;
;EME;;;;
;EPB;;;;
;ESJ;;;;
DK;ELA;;;;
W9;SGR;;;;
;FYE;;;;
;CMN;;;;
;EJT;;;;
;ECQ;;;;
;DEI;;;;
;ECX;;;;
;ECD;;;;
;XCC;;;;
;ECV;;;;
;EQC;;;;
;ECU;;;;
WK;EDW;;;;
;SLO;;;;
;EDC;;;;
;EDJ;;;;
;EIJ;;;;
;EUW;;;;
MS;MSR;;;;
;MSX;;;;
;EGY;;;;
;EJX;;;;
;EMA;;;;
;EIX;;;;
;EIR;;;;
LY;ELY;;;;
;CMX;;;;
;GLQ;;;;
;ELS;;;;
;ESC;;;;
UZ;BRQ;;;;
;ELX;;;;
;LBR;;;;
;NLK;;;;
;DND;;;;
;PDV;;;;
;EDO;;;;
;ELB;;;;
;EFG;;;;
;ELH;;;;
;EOA;;;;
;MEE;;;;
;VUL;;;;
;IEP;;;;
;RSA;;;;
;EAI;;;;
;EJD;;;;
;FGS;;;;
;ELT;;;;
;MGG;;;;
;ELR;;;;
;EAM;;;;
;EFT;;;;
;EMB;;;;
;XSL;;;;
;JEM;;;;
;EWW;;;;
;EMT;;;;
EK;UAE;;;;
;SBC;;;;
;EMP;;;;
EM;CFS;;;;
;MPR;;;;
;ETP;;;;
;AUO;;;;
;PRG;;;;
;CRN;;;;
;VNA;;;;
EU;EEA;;;;
;CNI;;;;
;VNE;;;;
;GTV;;;;
;XLT;;;;
;ENC;;;;
;ENI;;;;
G8;ENK;;;;
;EGV;;;;
;ESE;;;;
OF;ENT;;;;
;ENS;;;;
;EWS;;;;
E0;ESS;;;;
;EKA;;;;
;EQZ;;;;
;EQT;;;;
;ERH;;;;
;IRY;;;;
;ERF;;;;
;ERE;;;;
B8;ERT;;;;
;EAD;;;;
;CTV;;;;
;EPC;;;;
;ERC;;;;
E7;ESF;;;;
;EEF;;;;
OV;ELL;;;;
;ETA;;;;
ET;ETH;;;;
;MJM;;;;
EY;ETD;;;;
;ETM;;;;
;EVN;;;;
;ECN;;;;
RZ;;;;;
;ESN;;;;
;EAK;;;;
;KZE;;;;
MM;MMZ;;;;
;GOJ;;;;
;EUP;;;;
;EUU;;;;
;ECY;;;;
;EUC;;;;
;ECF;;;;
UI;ECA;;;;
GJ;EEZ;;;;
;EEU;;;;
;EUG;;;;
;ERJ;;;;
;JLN;;;;
;RDP;;;;
;EJS;;;;
K2;ELO;;;;
3W;EMX;;;;
;GED;;;;
5O;FPO;;;;
;EUT;;;;
;EAG;;;;
EA;EAL;;;;
QY;BCS;;;;
E7;EAF;;;;
;EBJ;;;;
;ECB;;;;
;ETV;;;;
;EXC;;;;
;EBG;;;;
;ESX;;;;
EW;EWG;;;;
;EVE;;;;
EZ;EIA;;;;
;VTS;;;;
;EMN;;;;
JN;XLA;;;;
;XEL;;;;
;GZA;;;;
MB;EXA;;;;
;VCN;;;;
;EJO;;;;
;VMP;;;;
;LFL;;;;
;EAC;;;;
;XAF;;;;
;ECS;;;;
;XAH;;;;
OW;EXK;;;;
;EXU;;;;
;JTR;;;;
;EXE;;;;
;TRI;;;;
;EXJ;;;;
;EJM;;;;
;TEA;;;;
;EXF;;;;
;EXN;;;;
;EXR;;;;
;FXA;;;;
;EIC;;;;
;XPL;;;;
;XNA;;;;
EO;LHN;;;;
;XTO;;;;
EV;ASQ;;;;
;JTM;;;;
U2;EZY;;;;
DS;EZS;;;;
;AAE;;;;
;EAV;;;;
;ABU;;;;
;XRO;;;;
EC;EJU;;;;
;EVL;;;;
;KWX;;;;
;FAS;;;;
;VNX;;;;
;FUM;;;;
;FRB;;;;
;FMI;;;;
;FRX;;;;
;PBR;;;;
;SRE;;;;
;FTZ;;;;
;FAP;;;;
;FLS;;;;
;EYE;;;;
;IFA;;;;
;FLC;;;;
;FKI;;;;
;DCM;;;;
;FLW;;;;
;FMG;;;;
;FRA;;;;
;FSB;;;;
;LEJ;;;;
;FBA;;;;
;FCS;;;;
;FAV;;;;
;FWD;;;;
;FLS;;;;
;FFC;;;;
;FWY;;;;
;FCN;;;;
;FAR;;;;
;FAO;;;;
;FAU;;;;
IH;;;;;
;FVS;;;;
;FJC;;;;
;FAW;;;;
FE;FEA;;;;
FD;;;;;
;FDL;;;;
;FAH;;;;
;FRN;;;;
;FAT;;;;
;RAF;;;;
;HBL;;;;
F6;RCK;;;;
;FRW;;;;
F3;FSW;;;;
;FHL;;;;
;FAY;;;;
;SKM;;;;
;FDR;;;;
;FLL;;;;
;DCN;;;;
;FRM;;;;
;NHK;;;;
FX;FDX;;;;
;FNK;;;;
;FER;;;;
N8;HGK;;;;
4S;FNC;;;;
;FAK;;;;
;FBF;;;;
;FTR;;;;
AY;FIN;;;;
FC;WBA;;;;
;FNF;;;;
FY;FFM;;;;
7F;FAB;;;;
;JRF;;;;
;FCC;;;;
DP;FCA;;;;
;MBL;;;;
;GGA;;;;
;FIR;;;;
;FTS;;;;
8F;FFR;;;;
;FFP;;;;
8D;EXV;;;;
;FSX;;;;
;FLE;;;;
;WAF;;;;
;FMR;;;;
;FLN;;;;
;FSH;;;;
;BWY;;;;
;FLR;;;;
;FXY;;;;
;FXT;;;;
;TUD;;;;
;FCK;;;;
;VOR;;;;
;FCV;;;;
;FCP;;;;
;FDP;;;;
;FLX;;;;
;CFI;;;;
;LTS;;;;
;IVJ;;;;
;MIT;;;;
;FOI;;;;
;OPT;;;;
;CLB;;;;
;FSL;;;;
;FSU;;;;
;CCK;;;;
;AYR;;;;
;FWQ;;;;
;KLO;;;;
;CSK;;;;
;FEX;;;;
B5;FLT;;;;
;FTL;;;;
;FPS;;;;
;FSR;;;;
;KDZ;;;;
;FAZ;;;;
;OJY;;;;
PA;FCL;;;;
;FFS;;;;
;FJS;;;;
RF;FWL;;;;
;FFG;;;;
;FLU;;;;
;EZB;;;;
;FWZ;;;;
8W;EDR;;;;
F2;FLM;;;;
;FCT;;;;
;FEE;;;;
;FXL;;;;
;NVJ;;;;
OJ;FJM;;;;
;FIL;;;;
SH;FLY;;;;
;IAD;;;;
D7;XFA;;;;
TE;LIL;;;;
LF;NDC;;;;
F7;BBO;;;;
BE;BEE;;;;
;FCE;;;;
;FLO;;;;
;GVG;;;;
Y2;GSM;;;;
;FPA;;;;
;ETS;;;;
;INU;;;;
W3;FYH;;;;
;FCR;;;;
;FYG;;;;
;FGP;;;;
;FLK;;;;
FP;FRE;;;;
;FTM;;;;
;FKS;;;;
;FOP;;;;
;NOF;;;;
;FOB;;;;
VY;FOS;;;;
;FOR;;;;
;FHS;;;;
;FXC;;;;
BN;;;;;
;FSA;;;;
;JFY;;;;
;FTE;;;;
5F;FIA;;;;
HK;FSC;;;;
;WDS;;;;
;FXR;;;;
;FDO;;;;
FH;FHY;;;;
SJ;FOM;;;;
FP;FRE;;;;
;FFF;;;;
;FRL;;;;
;FAS;;;;
;FWC;;;;
;FRG;;;;
;FAF;;;;
;FMY;;;;
;FNY;;;;
;FRR;;;;
;BZY;;;;
;FAE;;;;
;FAL;;;;
;FLF;;;;
;FGY;;;;
F9;FFT;;;;
;ITR;;;;
2F;FTA;;;;
;FNG;;;;
;FUJ;;;;
;CFJ;;;;
;GAX;;;;
;FAM;;;;
;FFY;;;;
;ROG;;;;
;FUN;;;;
;FGL;;;;
FH;FUA;;;;
FZ;FDB;;;;
;FWK;;;;
;ACT;;;;
9Y;FGE;;;;
;FRF;;;;
VK;FVK;;;;
GL;GRL;;;;
;;;;;
;;;;;
;DBC;;;;
;GCH;;;;
GX;GBC;;;;
;GOP;;;;
;HGT;;;;
;GRE;;;;
;GMQ;;;;
;KNM;;;;
;GCW;;;;
;GBH;;;;
Y5;GMR;;;;
;GML;;;;
;EXH;;;;
;MTA;;;;
;GGS;;;;
;GBX;;;;
GT;GBL;;;;
;GCS;;;;
;FFU;;;;
;GCC;;;;
;GEN;;;;
;GET;;;;
;GET;;;;
;GFW;;;;
;GGT;;;;
;GHI;;;;
Z5;GMG;;;;
;GPE;;;;
;GPR;;;;
;GIB;;;;
;BMK;;;;
;GTX;;;;
;GAH;;;;
;GBE;;;;
;GRT;;;;
;GIG;;;;
;GFC;;;;
;GNJ;;;;
;SWF;;;;
;GLS;;;;
7O;GAL;;;;
;GXY;;;;
;GAS;;;;
1G;;;;;
;GMA;;;;
GC;GNR;;;;
;NML;;;;
;GMJ;;;;
G7;GNF;;;;
;GAN;;;;
;GSA;;;;
;AHM;;;;
GA;GIA;;;;
;GHS;;;;
;EGO;;;;
;GVN;;;;
4G;GZP;;;;
;GEE;;;;
GR;GCO;;;;
;GAB;;;;
;GDB;;;;
;FGN;;;;
;SWK;;;;
;GWS;;;;
;GNZ;;;;
;GTH;;;;
;XGA;;;;
;GMC;;;;
;GNX;;;;
;GSL;;;;
A9;TGZ;;;;
;FGA;;;;
;GGF;;;;
QB;GFG;;;;
;;;;;
;GAF;;;;
;GAM;;;;
;GNY;;;;
;GHY;;;;
ST;GMI;;;;
4U;GWI;;;;
;GDN;;;;
;GFD;;;;
GP;RIV;;;;
;GES;;;;
;GTR;;;;
;GJT;;;;
;GHT;;;;
GH;GLP;;;;
GH;GHA;;;;
G0;GHB;;;;
;NTC;;;;
;RPS;;;;
;GAG;;;;
;GBS;;;;
;GLC;;;;
;;;;;
;BSP;;;;
;GLB;;;;
;GBB;;;;
;GAK;;;;
;GGZ;;;;
;GLJ;;;;
;NSM;;;;
;SVW;;;;
;GSK;;;;
;GSS;;;;
;XGS;;;;
;XGW;;;;
;GLW;;;;
;GJA;;;;
G8;GOW;;;;
GK;;;;;
G7;GJS;;;;
;GGE;;;;
;GOF;;;;
;GOI;;;;
G3;GLO;;;;
;GBT;;;;
;GDA;;;;
;GDK;;;;
DC;GAO;;;;
;GDD;;;;
;GPA;;;;
;GRS;;;;
;GLD;;;;
;GOS;;;;
;GAQ;;;;
;GLE;;;;
;GOM;;;;
5Z;GON;;;;
;RDR;;;;
G1;;;;;
;GOR;;;;
;HKG;;;;
;GRZ;;;;
;HLD;;;;
;GAV;;;;
;GAE;;;;
;GND;;;;
;CVU;;;;
GV;GUN;;;;
;LMK;;;;
;GRA;;;;
;GRA;;;;
ZK;GLA;;;;
;GLU;;;;
;GRP;;;;
IJ;GWL;;;;
;GWA;;;;
;HAF;;;;
;HNA;;;;
;GFF;;;;
;GXA;;;;
;GZD;;;;
;HTG;;;;
;GSJ;;;;
;GHV;;;;
;GPM;;;;
;EJC;;;;
;TAT;;;;
;VMM;;;;
;GMT;;;;
;GSY;;;;
G6;BSR;;;;
;GIJ;;;;
;GNC;;;;
J9;GIF;;;;
;GEA;;;;
;GIQ;;;;
;CGH;;;;
;GUS;;;;
G8;GUJ;;;;
;TSU;;;;
;GUF;;;;
GF;GFA;;;;
;GAT;;;;
;GCN;;;;
;SFY;;;;
;GPC;;;;
;GLF;;;;
;GFS;;;;
;GFT;;;;
;GUL;;;;
;GUM;;;;
;GDH;;;;
GY;;;;;
;GWN;;;;
;GAC;;;;
3S;GUY;;;;
;HTB;;;;
;HCK;;;;
MR;MML;;;;
;HAY;;;;
;HSN;;;;
;HRN;;;;
;HYP;;;;
;HFM;;;;
A5;HOP;;;;
;HLA;;;;
;HWD;;;;
;KTR;;;;
;AHT;;;;
;;;;;
;FMS;;;;
H6;HAG;;;;
;POW;;;;
HR;HHN;;;;
H1;;;;;
HU;CHH;;;;
1R;;;;;
;HLS;;;;
2T;HAM;;;;
;HTI;;;;
;HRB;;;;
;HNR;;;;
;HTN;;;;
;HTC;;;;
;HBC;;;;
;HAJ;;;;
;HKL;;;;
;HLH;;;;
;HCV;;;;
4R;HHI;;;;
;HJL;;;;
;HMM;;;;
;WVA;;;;
;HGR;;;;
;HGD;;;;
;HAN;;;;
X3;HLX;;;;
HF;HLF;;;;
HB;HAR;;;;
HQ;HMY;;;;
;NBR;;;;
;PYN;;;;
;HAV;;;;
HA;HAL;;;;
HP;;;;;
;HKR;;;;
;HMX;;;;
BH;;;;;
;HKI;;;;
;HZL;;;;
HN;HVY;;;;
;HVL;;;;
;HDC;;;;
;HCB;;;;
;HCL;;;;
;HHP;;;;
;HLR;;;;
;ALJ;;;;
;HEB;;;;
;HFR;;;;
;HYH;;;;
;HLM;;;;
;HLI;;;;
;HTP;;;;
;HLU;;;;
;MCM;;;;
;HHE;;;;
;HRA;;;;
;HIF;;;;
;HIG;;;;
;HLK;;;;
;HMC;;;;
;HEA;;;;
;CDY;;;;
;HIB;;;;
;HLC;;;;
;COV;;;;
;HEL;;;;
;HCP;;;;
;JKY;;;;
;MVK;;;;
;HAP;;;;
;HAA;;;;
;HNT;;;;
;HEN;;;;
;HHH;;;;
JB;JBA;;;;
;HDR;;;;
;SCO;;;;
;OCE;;;;
ZU;HCY;;;;
;HLP;;;;
;HPL;;;;
;HEC;;;;
;HSU;;;;
;HSI;;;;
;HLT;;;;
;HIT;;;;
;OFA;;;;
;HLT;;;;
9I;HTA;;;;
;HTS;;;;
;HLW;;;;
HJ;HEJ;;;;
HW;FHE;;;;
;HLG;;;;
2L;OAW;;;;
;HMS;;;;
;HAC;;;;
;SSH;;;;
;MRX;;;;
;HED;;;;
EO;ALX;;;;
UD;HER;;;;
;HHS;;;;
5K;HFY;;;;
;HLB;;;;
;HWY;;;;
;HSH;;;;
;HIS;;;;
;HGA;;;;
;NTH;;;;
;ABH;;;;
H5;HOA;;;;
;HIN;;;;
;HOL;;;;
HC;HCC;;;;
;HTR;;;;
;HMV;;;;
;HAS;;;;
HX;CRK;;;;
RH;HKC;;;;
UO;HKE;;;;
A6;HTU;;;;
;HEX;;;;
;HPJ;;;;
HH;;;;;
QX;QXE;;;;
;KOK;;;;
;HSM;;;;
;HOR;;;;
BN;HZA;;;;
;HPS;;;;
;HUD;;;;
;HOZ;;;;
;HDI;;;;
;HHO;;;;
;GGV;;;;
;OZU;;;;
;HUB;;;;
;HUS;;;;
;GMH;;;;
;WHR;;;;
;HUV;;;;
;HUF;;;;
;HYA;;;;
;HYC;;;;
;HYD;;;;
H4;;;;;
;HKB;;;;
;ETI;;;;
;IJW;;;;
;IIC;;;;
;EXP;;;;
;IWL;;;;
IK;KAR;;;;
;ICN;;;;
;IAC;;;;
;IFM;;;;
;ITC;;;;
II;CSQ;;;;
0C;IBL;;;;
;BBL;;;;
;YYY;;;;
C3;IPR;;;;
;CIC;;;;
;IDG;;;;
;IFL;;;;
;RDE;;;;
;IJM;;;;
;IKK;;;;
;IKN;;;;
;BLU;;;;
;XGG;;;;
1F;;;;;
;IPA;;;;
;IPM;;;;
;LVB;;;;
;ISD;;;;
1U;;;;;
;FDF;;;;
IB;IBE;;;;
I2;IBS;;;;
;IBR;;;;
;IBT;;;;
TY;IWD;;;;
FW;IBX;;;;
;IBC;;;;
;AKI;;;;
;RAC;;;;
;FRC;;;;
D8;IBK;;;;
;ICD;;;;
;ICA;;;;
;IUS;;;;
;ICJ;;;;
FI;ICE;;;;
;ICG;;;;
;IKR;;;;
;CIO;;;;
;ILV;;;;
;IDL;;;;
V8;IAR;;;;
;ILP;;;;
;ILL;;;;
;IMR;;;;
;ITX;;;;
;PNX;;;;
;IMT;;;;
DH;IDE;;;;
;IDP;;;;
6E;IGO;;;;
;IIL;;;;
;IFC;;;;
IC;IAC;;;;
;IDR;;;;
I9;IBU;;;;
;IDA;;;;
QZ;AWQ;;;;
IO;IAA;;;;
;IPN;;;;
;ITN;;;;
;FFI;;;;
C4;IMX;;;;
;INS;;;;
;IVA;;;;
;INC;;;;
;ICC;;;;
;INT;;;;
;INL;;;;
;FFL;;;;
;XRA;;;;
;ITW;;;;
;INX;;;;
H4;IIN;;;;
;CAR;;;;
;NTT;;;;
;TCU;;;;
;ITA;;;;
;ICN;;;;
;UGL;;;;
;IMA;;;;
;ITS;;;;
D6;ILN;;;;
;NTE;;;;
ZA;SUW;;;;
;IVT;;;;
RS;ICT;;;;
;ICP;;;;
;IFT;;;;
;IJT;;;;
;RFL;;;;
;IFF;;;;
;IGN;;;;
;ISN;;;;
;IWY;;;;
;MTF;;;;
;IHE;;;;
ID;ITK;;;;
;IAK;;;;
;EXX;;;;
;IAS;;;;
;IAX;;;;
6I;IBZ;;;;
;IBY;;;;
;ICS;;;;
;ICX;;;;
;RED;;;;
;IIG;;;;
;IFX;;;;
;IJA;;;;
;HSP;;;;
;RSQ;;;;
;ISF;;;;
;THN;;;;
;ITH;;;;
;IPT;;;;
;IKY;;;;
3L;ISK;;;;
I4;FWA;;;;
;ITU;;;;
;INV;;;;
;IND;;;;
;IOA;;;;
IR;IRA;;;;
EP;IRC;;;;
;IRB;;;;
;IRG;;;;
IA;IAW;;;;
;BIS;;;;
;IRL;;;;
;RDK;;;;
;XMR;;;;
IH;MZA;;;;
;KCE;;;;
;ISI;;;;
;ILF;;;;
;XYZ;;;;
;ISA;;;;
;SOY;;;;
;DQA;;;;
;IOM;;;;
2S;SDY;;;;
;MTP;;;;
;ILC;;;;
;IAJ;;;;
CN;;;;;
;ICB;;;;
IF;ISW;;;;
;IGS;;;;
WC;ISV;;;;
;IOS;;;;
;IAI;;;;
;IAF;;;;
6H;ISR;;;;
;IST;;;;
FS;ACL;;;;
;IFS;;;;
GI;IKA;;;;
;IVS;;;;
;IVW;;;;
;IJE;;;;
;OIC;;;;
;IXR;;;;
H9;IZM;;;;
;IZA;;;;
HC;;;;;
;IMG;;;;
;JTF;;;;
;JAS;;;;
;JTN;;;;
;JGJ;;;;
;JNY;;;;
;JKR;;;;
;JWD;;;;
;JSH;;;;
;JCB;;;;
;RFX;;;;
XM;;;;;
JC;JEX;;;;
JO;JAZ;;;;
;JDA;;;;
;JDP;;;;
;JHM;;;;
;TQM;;;;
MT;JMC;;;;
1M;;;;;
;JSJ;;;;
;JES;;;;
;JCK;;;;
JI;JAE;;;;
;JAW;;;;
;JMB;;;;
;WWW;;;;
;FJX;;;;
;JAK;;;;
;JAX;;;;
3X;JAC;;;;
;JSV;;;;
JL;JAL;;;;
JL;JAL;;;;
EG;JAA;;;;
NU;JTA;;;;
JA;JAT;;;;
VJ;JTY;;;;
J9;JZR;;;;
7C;JJA;;;;
;JNY;;;;
;XLD;;;;
;JPN;;;;
O2;JEA;;;;
;JSI;;;;
9W;JAI;;;;
QJ;;;;;
;JTX;;;;
PP;PJS;;;;
;BZF;;;;
;JCF;;;;
;JCT;;;;
;JCX;;;;
;DWW;;;;
;JED;;;;
;JEI;;;;
;RZA;;;;
;CFT;;;;
;JGD;;;;
;MJL;;;;
;JEK;;;;
;HTL;;;;
;JNR;;;;
;JRN;;;;
;JDI;;;;
3K;JSA;;;;
;JSM;;;;
;JTC;;;;
;JTT;;;;
;OPS;;;;
LS;EXS;;;;
;JFU;;;;
;OSW;;;;
B6;JBU;;;;
;JMG;;;;
;JMK;;;;
JF;JAA;;;;
;JAF;;;;
;JTL;;;;
;JAG;;;;
0J;JCS;;;;
;QNZ;;;;
;UEJ;;;;
;JCC;;;;
;JXA;;;;
;JEF;;;;
;JFL;;;;
;JIC;;;;
;JLX;;;;
;JLH;;;;
;JNV;;;;
;JPO;;;;
;MDJ;;;;
;JRI;;;;
;JEJ;;;;
;JEP;;;;
;JSE;;;;
SG;JGO;;;;
JQ;JST;;;;
GK;JJP;;;;
JM;JKT;;;;
;JXT;;;;
;RSP;;;;
;JPQ;;;;
JX;JEC;;;;
JO;JTG;;;;
;JTN;;;;
;JWY;;;;
GX;JXX;;;;
;JIB;;;;
;JSW;;;;
;HKN;;;;
;RAS;;;;
;JDG;;;;
;JBR;;;;
;JHN;;;;
;JON;;;;
;JMJ;;;;
;JMM;;;;
;JMT;;;;
;ODI;;;;
R5;JAV;;;;
J4;JCI;;;;
;JVK;;;;
;ENZ;;;;
;JNJ;;;;
;JUR;;;;
;JFS;;;;
;JUC;;;;
6J;JUB;;;;
;DKE;;;;
HO;DKH;;;;
;MEY;;;;
;DOJ;;;;
;JNL;;;;
;JFA;;;;
3Q;KCH;;;;
;KCR;;;;
KW;KHK;;;;
;KGZ;;;;
;KDC;;;;
;KSA;;;;
;KMI;;;;
KD;KLS;;;;
KD;KNI;;;;
WA;KLC;;;;
;KLH;;;;
KL;KLM;;;;
N2;QNK;;;;
;KMC;;;;
;KAI;;;;
K4;CKS;;;;
K9;KFS;;;;
CB*;KFS;;;;
;KES;;;;
RQ;KMF;;;;
E2;KMP;;;;
;KIZ;;;;
;KHE;;;;
;KSU;;;;
V2;AKT;;;;
;KRB;;;;
;KLG;;;;
;KAJ;;;;
;KAE;;;;
;KTV;;;;
;KTK;;;;
;KAT;;;;
KV;MVD;;;;
;XKA;;;;
;KRN;;;;
;KAW;;;;
;KAO;;;;
;KPH;;;;
;KKA;;;;
;KZS;;;;
;JFK;;;;
;KLX;;;;
;FKL;;;;
;KFA;;;;
;KDA;;;;
M5;KEN;;;;
;KBA;;;;
;KAH;;;;
KQ;KQA;;;;
;KVS;;;;
;KEY;;;;
;LYM;;;;
;FTP;;;;
BZ;KEE;;;;
K6;KZW;;;;
;WKH;;;;
;KHR;;;;
;KHP;;;;
;KRV;;;;
;KHO;;;;
;KHY;;;;
;UAK;;;;
;KNG;;;;
;BEZ;;;;
IT;KFR;;;;
;KNX;;;;
;KAS;;;;
;KIP;;;;
;KNS;;;;
;KTA;;;;
Y9;IRK;;;;
;KHA;;;;
;KHC;;;;
KP;KIA;;;;
;KRA;;;;
;KNA;;;;
;KHX;;;;
;KGT;;;;
;KOA;;;;
;OYE;;;;
7K;KGL;;;;
;KOM;;;;
;KMA;;;;
8J;KMV;;;;
;KNM;;;;
;KOB;;;;
KE;KAL;;;;
;KMG;;;;
;KSM;;;;
;KOS;;;;
;WOK;;;;
7B;KJC;;;;
;KFC;;;;
;KRG;;;;
;KRO;;;;
K9;KRI;;;;
;KYM;;;;
;OPC;;;;
GW;KIL;;;;
VD;KPA;;;;
;KZA;;;;
;KBV;;;;
KU;KAC;;;;
GO;KZU;;;;
;QVR;;;;
;KWN;;;;
N5;KGZ;;;;
;KTC;;;;
QH;LYN;;;;
R8;KGA;;;;
;DAM;;;;
;KGB;;;;
FK;KEW;;;;
;AOE;;;;
;LZF;;;;
;LBR;;;;
;LHB;;;;
;LLD;;;;
;LGA;;;;
;LGC;;;;
;JKA;;;;
;LTY;;;;
;LWL;;;;
;LAX;;;;
;LWA;;;;
YQ;LCT;;;;
;LYB;;;;
;LAH;;;;
;LJY;;;;
;LRB;;;;
;PHO;;;;
;LEX;;;;
;FNT;;;;
JF;LAB;;;;
LR;LRC;;;;
;LDE;;;;
KG;BNX;;;;
LA;LAN;;;;
4M;DSM;;;;
UC;LCO;;;;
;ARE;;;;
PZ;LAP;;;;
;LNC;;;;
LU;LXP;;;;
LP;LPE;;;;
NI;;;;;
;LSA;;;;
;APT;;;;
;OTN;;;;
;LCB;;;;
L5;;;;;
LO;LOT;;;;
;JKA;;;;
XO;LTE;;;;
L3;LTO;;;;
LT;LTU;;;;
;JFC;;;;
;LUK;;;;
;ASK;;;;
;LVT;;;;
;SKQ;;;;
;LAL;;;;
N6;JEV;;;;
;HCA;;;;
;LKL;;;;
;LKR;;;;
;LBH;;;;
;LMR;;;;
;TCR;;;;
;ISL;;;;
;PAP;;;;
IK;LKN;;;;
QL;RLN;;;;
;LZA;;;;
;LZT;;;;
;LLL;;;;
QV;LAO;;;;
;LKA;;;;
L7;LPN;;;;
;LRD;;;;
;LTC;;;;
;LAF;;;;
NG;LDA;;;;
OE[28];LDM;;;;
;LDI;;;;
;LEP;;;;
;LSU;;;;
;LAR;;;;
;LAY;;;;
;LPL;;;;
LQ;LAQ;;;;
;LAT;;;;
;LAD;;;;
;LEB;;;;
;LCA;;;;
LI;LIA;;;;
;LGD;;;;
;LWD;;;;
;LEN;;;;
;LOR;;;;
;LEL;;;;
LV;LVL;;;;
;LYW;;;;
LN;LAA;;;;
;LCR;;;;
;LIQ;;;;
;LCG;;;;
;LKD;;;;
;LME;;;;
;GCB;;;;
;GDQ;;;;
;LRT;;;;
;LSY;;;;
;NOT;;;;
;LMC;;;;
L7;LNP;;;;
;NEG;;;;
QL;LER;;;;
;LSE;;;;
;TUY;;;;
;ALR;;;;
ZE;LCD;;;;
;LCN;;;;
;LCM;;;;
;EDD;;;;
;EDR;;;;
;FED;;;;
;LMN;;;;
;LIJ;;;;
;UMA;;;;
;LEC;;;;
;SMS;;;;
TM;LAM;;;;
;LAW;;;;
;WGT;;;;
JT;LNI;;;;
;LEU;;;;
;LYF;;;;
;LRA;;;;
LM;LVG;;;;
LB;LLB;;;;
;LNA;;;;
;XLG;;;;
;LAC;;;;
;XDD;;;;
;CBD;;;;
;LNG;;;;
LC;LOG;;;;
;CLV;;;;
;LMS;;;;
;LCY;;;;
;LNX;;;;
;LOV;;;;
;LHC;;;;
;LSS;;;;
;ORA;;;;
;LGT;;;;
;LRR;;;;
;LSC;;;;
;TAS;;;;
;LTW;;;;
;LKE;;;;
;LUT;;;;
;LVD;;;;
HE;LGW;;;;
LH;DLH;;;;
LH;GEC;;;;
CL;CLH;;;;
L1;;;;;
;LHT;;;;
DV;LTF;;;;
L5;LTR;;;;
;LHS;;;;
;UNY;;;;
LG;LGL;;;;
;LXA;;;;
;LUV;;;;
;LFE;;;;
;LXO;;;;
;LUZ;;;;
5V;UKW;;;;
;LYD;;;;
;LCH;;;;
L2;LYC;;;;
;LXF;;;;
;LYX;;;;
L4;SSX;;;;
Z8;AZN;;;;
MJ;LPR;;;;
;LAU;;;;
LT;SNG;;;;
LJ;JNA;;;;
Q2;DQA;;;;
;MMH;;;;
;HOG;;;;
;MTS;;;;
;MSF;;;;
;MXS;;;;
;MHF;;;;
;MWM;;;;
;MSJ;;;;
;MWI;;;;
;MYP;;;;
;RDK;;;;
;MLV;;;;
;MMJ;;;;
;MXF;;;;
OD;MXD;;;;
;MJC;;;;
;PLG;;;;
;DZR;;;;
;MSN;;;;
;MFB;;;;
;HTL;;;;
;JNH;;;;
;MCF;;;;
;MRG;;;;
AQ;MPJ;;;;
;TFG;;;;
M7;MAA;;;;
MH;MWG;;;;
IN;MAK;;;;
;MCC;;;;
;MGA;;;;
;JLA;;;;
OM;MGL;;;;
;MNC;;;;
;MKA;;;;
MB;MNB;;;;
;EBF;;;;
;MCV;;;;
;MAQ;;;;
;MCN;;;;
;MTD;;;;
CC;MCK;;;;
;MCS;;;;
;MDH;;;;
DM;;;;;
;MJB;;;;
;MGR;;;;
;MLH;;;;
W5;IRM;;;;
M2;MZS;;;;
;MAT;;;;
;MAJ;;;;
;AKM;;;;
;MLG;;;;
;MLX;;;;
;MKK;;;;
MH;MAS;;;;
;MAE;;;;
;VXP;;;;
;MTZ;;;;
;MLC;;;;
;MLS;;;;
;LOD;;;;
TF;SCW;;;;
R5;MAC;;;;
;MWS;;;;
MA;MAH;;;;
;MLB;;;;
RI;MDL;;;;
AE;MDA;;;;
JE;MNO;;;;
;MHN;;;;
;MTO;;;;
;MNR;;;;
;MAN;;;;
;MTS;;;;
;MNX;;;;
;MAD;;;;
;MAR;;;;
;MCP;;;;
;MGI;;;;
;MRK;;;;
;MKO;;;;
6V;MRW;;;;
;MCE;;;;
M7;MSL;;;;
;XMA;;;;
;MBE;;;;
MP;MPH;;;;
;MRA;;;;
;MFA;;;;
;MVN;;;;
;TRP;;;;
;MTH;;;;
;MSY;;;;
;MSW;;;;
;MPL;;;;
;LMJ;;;;
Q4;;;;;
;MIA;;;;
;MNV;;;;
;MRF;;;;
;MWY;;;;
;MDE;;;;
;MVR;;;;
H5;MVL;;;;
;MAI;;;;
;MSF;;;;
;MAX;;;;
8M;MXL;;;;
;MXU;;;;
MY;MXJ;;;;
;MXS;;;;
;MXP;;;;
MW;MYD;;;;
7M;MYI;;;;
;MBS;;;;
;MCH;;;;
;MKL;;;;
;DAC;;;;
;MDS;;;;
;MEK;;;;
;MDM;;;;
;MRZ;;;;
;MCL;;;;
;MDF;;;;
;MDY;;;;
;MEJ;;;;
;MGK;;;;
;MEL;;;;
M8;MKN;;;;
IM;MNJ;;;;
;;;;;
;MXX;;;;
;MEC;;;;
;POV;;;;
;MRD;;;;
;MHL;;;;
;DSL;;;;
;MEM;;;;
IG;ISS;;;;
;MEI;;;;
MZ;MNA;;;;
YV;ASH;;;;
XJ;MES;;;;
;MSQ;;;;
;MET;;;;
;MER;;;;
;MVI;;;;
;MEX;;;;
;MTR;;;;
;MTJ;;;;
;PIX;;;;
;MPS;;;;
;MXB;;;;
;MJT;;;;
MX;MXA;;;;
;MXT;;;;
;HUR;;;;
LL;BSK;;;;
;OWL;;;;
;MPT;;;;
;BIB;;;;
;WIZ;;;;
;NYL;;;;
;MPA;;;;
;MJR;;;;
ME;MEA;;;;
;MID;;;;
;MFR;;;;
;MIS;;;;
JI;MDW;;;;
ML;MDW;;;;
;FLA;;;;
;FAX;;;;
YX;MEP;;;;
MY;MWA;;;;
;NIT;;;;
;MWT;;;;
;HTE;;;;
MJ;MLR;;;;
;MAB;;;;
;RJM;;;;
;MLK;;;;
;DLK;;;;
;MFS;;;;
;OXO;;;;
;MIM;;;;
;NAB;;;;
;OMR;;;;
;EBE;;;;
;MAZ;;;;
;MNL;;;;
;MNS;;;;
;WDG;;;;
;LIR;;;;
;MIC;;;;
;MIR;;;;
;MIF;;;;
;MOS;;;;
;MAF;;;;
;MSN;;;;
;MRN;;;;
;BDG;;;;
;MVA;;;;
M4;MSA;;;;
;MBO;;;;
;MXE;;;;
;MFZ;;;;
;MOW;;;;
MW;MUL;;;;
;MLE;;;;
2M;MDV;;;;
;MVG;;;;
;RRV;;;;
ZB;MON;;;;
;MNH;;;;
8I;;;;;
;MFC;;;;
;MDB;;;;
;MTI;;;;
;MKY;;;;
YM;MGX;;;;
5M;MNT;;;;
;MNY;;;;
;MAL;;;;
;MSS;;;;
;MRO;;;;
3R;GAI;;;;
;MPI;;;;
M9;MSI;;;;
NM;NZM;;;;
;MTN;;;;
N4;MTC;;;;
;PKP;;;;
;BRR;;;;
;MBI;;;;
;MHA;;;;
;MPC;;;;
;MTV;;;;
;MDN;;;;
;CMJ;;;;
;MTX;;;;
;WBR;;;;
;MFT;;;;
;MNZ;;;;
;MUA;;;;
;MMR;;;;
;MAW;;;;
;MYW;;;;
VZ;MYT;;;;
UB;UBA;;;;
8M;MMA;;;;
;MAV;;;;
;MYA;;;;
;VKG;;;;
;AAD;;;;
M2;MHV;;;;
;NAK;;;;
;NSR;;;;
;NEW;;;;
;SIQ;;;;
;NEJ;;;;
;NHV;;;;
;NHC;;;;
;DMD;;;;
6N;NIN;;;;
N5;FEY;;;;
;NUB;;;;
;NJA;;;;
;ROW;;;;
;NLG;;;;
;NHG;;;;
;WAR;;;;
;ANL;;;;
;NHZ;;;;
;BFN;;;;
;NAH;;;;
;NKL;;;;
;MRE;;;;
;NDF;;;;
;CNJ;;;;
DV;ACK;;;;
;NYA;;;;
;NAP;;;;
;NCM;;;;
P9;;;;;
UE;NAS;;;;
;;;;;
;NJC;;;;
;NCO;;;;
;NTK;;;;
;NSR;;;;
;RFI;;;;
;NAN;;;;
N4;NCN;;;;
N7;ROK;;;;
NA;NAL;;;;
N8;NCR;;;;
IN;NIH;;;;
;KUS;;;;
9O;;;;;
;LFI;;;;
;GTY;;;;
;TNC;;;;
;NXT;;;;
;GRD;;;;
;JTE;;;;
;AND;;;;
NC;NJS;;;;
;NOL;;;;
;NLS;;;;
;NAE;;;;
CE;NTW;;;;
;NWZ;;;;
;EVM;;;;
;NRR;;;;
;NRK;;;;
;NVC;;;;
;NAV;;;;
;NVP;;;;
;NAY;;;;
;IRI;;;;
;NVM;;;;
;NVL;;;;
;XNV;;;;
1N;;;;;
;XNS;;;;
;NZA;;;;
;NEB;;;;
;NEC;;;;
;NCG;;;;
;NFT;;;;
;NLA;;;;
;NLC;;;;
;CGE;;;;
RA;RNA;;;;
NO;NOS;;;;
;TOX;;;;
;NSL;;;;
1I;EJA;;;;
;NET;;;;
;NEZ;;;;
EJ;NEA;;;;
;NHT;;;;
;NWD;;;;
;NYH;;;;
;GRY;;;;
;KRC;;;;
;HVA;;;;
;NLT;;;;
2N;NTJ;;;;
;NXF;;;;
;NXS;;;;
;NIS;;;;
;NCN;;;;
;NGA;;;;
;NGR;;;;
;NGX;;;;
;EXT;;;;
HG;NLY;;;;
;NKV;;;;
;NSA;;;;
;NVA;;;;
;NLW;;;;
;NBS;;;;
KZ;NCA;;;;
;NVK;;;;
;SRG;;;;
;SRD;;;;
;NOH;;;;
;AKG;;;;
;NBL;;;;
DD;NOK;;;;
XW;NCT;;;;
;NRL;;;;
;NMD;;;;
;NOC;;;;
;NEF;;;;
5N;AUL;;;;
JH;NES;;;;
6N;NRD;;;;
;NDS;;;;
N4;NWS;;;;
;NRT;;;;
N5;;;;;
;NCF;;;;
;FNA;;;;
;NOA;;;;
;HMF;;;;
;NRX;;;;
;NIR;;;;
;NOR;;;;
;DOC;;;;
;RTV;;;;
;NAI;;;;
NA;NAO;;;;
;HMR;;;;
;NAJ;;;;
;NAT;;;;
;NFC;;;;
;NBN;;;;
;NCB;;;;
;NCC;;;;
N9;;;;;
M3;NFA;;;;
;NRC;;;;
;SBX;;;;
;NRV;;;;
;NWW;;;;
;PTO;;;;
;NEN;;;;
;VBG;;;;
HW;NWL;;;;
;NLL;;;;
;NFL;;;;
;NSF;;;;
;NCE;;;;
;NEE;;;;
;NPX;;;;
NC;NAC;;;;
;BYC;;;;
;NDA;;;;
;CMU;;;;
U7;;;;;
;NEX;;;;
;NIC;;;;
;NTX;;;;
;NTA;;;;
;KOE;;;;
;NSS;;;;
;NHL;;;;
;NAL;;;;
;NWE;;;;
NW;NWA;;;;
;;;;;
FY;NWR;;;;
;NWT;;;;
J3;PLR;;;;
;NWN;;;;
;NAM;;;;
DY;NAX;;;;
DI;NRS;;;;
DN;NAA;;;;
D8;IBK;;;;
DU;NLH;;;;
DH;NAN;;;;
;TFN;;;;
;XNT;;;;
BJ;LBT;;;;
O9;NOV;;;;
;PTR;;;;
1I;NVR;;;;
VQ;NVQ;;;;
;NVG;;;;
;NSP;;;;
;NBE;;;;
;NPO;;;;
;NOY;;;;
N6;ACQ;;;;
;NHR;;;;
;NUN;;;;
;NIN;;;;
;NYS;;;;
1I;NJE;;;;
NK;NKS;;;;
;ORN;;;;
;ONS;;;;
;FET;;;;
;OCN;;;;
UQ;OCM;;;;
;DRL;;;;
;OWE;;;;
;JPA;;;;
O8;OHK;;;;
;BCN;;;;
VC;VCX;;;;
;OCS;;;;
;TUK;;;;
O6;ONE;;;;
O2;;;;;
;ODS;;;;
;ODY;;;;
;FOC;;;;
;GBO;;;;
;OKJ;;;;
;OKP;;;;
;OKA;;;;
;OKL;;;;
;OLX;;;;
;KVK;;;;
OA;OAL;;;;
;OLY;;;;
WY;OMA;;;;
;ORF;;;;
OV;OMS;;;;
;OAV;;;;
OE;LDM;;;;
OY;OAE;;;;
;OMF;;;;
;ORL;;;;
;OTG;;;;
;OTM;;;;
;MED;;;;
8Q;OHY;;;;
;OPA;;;;
;OSA;;;;
;BOS;;;;
;ORR;;;;
;OLE;;;;
;OTP;;;;
;OPV;;;;
;LLO;;;;
;OAX;;;;
;ORD;;;;
;ORJ;;;;
;ORE;;;;
;ORX;;;;
;ORK;;;;
;BUE;;;;
;ORM;;;;
R2;ORB;;;;
;OTA;;;;
;OML;;;;
;OVV;;;;
;OTR;;;;
;ORN;;;;
OX;OEA;;;;
;NGK;;;;
;OAC;;;;
QO;OGN;;;;
;OED;;;;
;OIX;;;;
;KOV;;;;
;RNG;;;;
;OAD;;;;
;OSH;;;;
;OCO;;;;
OL;OLT;;;;
;FNL;;;;
ON;RON;;;;
;OOT;;;;
OJ;OLA;;;;
;OAR;;;;
;OXE;;;;
;WDK;;;;
;OAA;;;;
OZ;OZR;;;;
O7;OZJ;;;;
OA;OAL;;;;
OB;AAN;;;;
OK;CSA;;;;
;HRS;;;;
;PNA;;;;
;RSL;;;;
;NCT;;;;
;PRT;;;;
;PXT;;;;
;BPH;;;;
;PFY;;;;
;PXR;;;;
;PNC;;;;
;PMI;;;;
;KTL;;;;
;PCR;;;;
PV;PNR;;;;
9Q;PBA;;;;
;PDQ;;;;
;XAS;;;;
;PDG;;;;
PU;PUA;;;;
U4;PMT;;;;
;PRP;;;;
OH;JIA;;;;
;KST;;;;
;WIS;;;;
Y5;PCE;;;;
;PAB;;;;
;PRC;;;;
;PAQ;;;;
;PXP;;;;
BL;PIC;;;;
;PAK;;;;
;PCV;;;;
;PCX;;;;
DJ;PBN;;;;
;PQA;;;;
8P;PCO;;;;
Q8;PEC;;;;
;PFA;;;;
;PIN;;;;
;PSA;;;;
;PCJ;;;;
;PPM;;;;
;PAR;;;;
LW;NMI;;;;
GX;;;;;
;PFR;;;;
;RCY;;;;
;PAE;;;;
;PKW;;;;
PK;PIA;;;;
;PKR;;;;
;LPA;;;;
;PPC;;;;
GP;PTP;;;;
PF;PNW;;;;
;JSP;;;;
NR;PIR;;;;
;PFN;;;;
;ODM;;;;
;PAX;;;;
;XPA;;;;
7N;PWD;;;;
PN;;;;;
PA;PAA;;;;
PA;PAA;;;;
;PEA;;;;
;PHT;;;;
;PMA;;;;
;PNC;;;;
;PNF;;;;
;PGI;;;;
;PEI;;;;
;PVI;;;;
;PNH;;;;
;PHU;;;;
;PNM;;;;
;PAH;;;;
;AFD;;;;
P8;PTN;;;;
;HMP;;;;
;PAI;;;;
;PDI;;;;
;PGX;;;;
;PGF;;;;
;PRR;;;;
I7;PMW;;;;
;APE;;;;
;IRE;;;;
;PRA;;;;
;PST;;;;
;FAP;;;;
;PSC;;;;
P3;PTB;;;;
;PTC;;;;
;BYT;;;;
;ETL;;;;
;PHE;;;;
;IRP;;;;
;KGC;;;;
;PRL;;;;
;PBY;;;;
HP;HPA;;;;
;PVU;;;;
;PXA;;;;
PC;PGT;;;;
PE;PEV;;;;
1I;;;;;
;HAK;;;;
;PDF;;;;
;PEX;;;;
;PAS;;;;
;PEM;;;;
;PDY;;;;
KS;PEN;;;;
;PNE;;;;
;PCA;;;;
;CVT;;;;
;PCC;;;;
;PAG;;;;
P9;PGP;;;;
;PPQ;;;;
P9;PVN;;;;
;FPR;;;;
;INP;;;;
;PEO;;;;
;PMX;;;;
;PHM;;;;
;PHC;;;;
;PTK;;;;
;PTY;;;;
;PHV;;;;
;PMY;;;;
Z2;EZD;;;;
PR;PAL;;;;
;PHI;;;;
;BCH;;;;
;PDD;;;;
;PHL;;;;
;PHB;;;;
;KZM;;;;
;PHA;;;;
;PHN;;;;
;PAM;;;;
;PPG;;;;
;WDY;;;;
HP;;;;;
;PHY;;;;
;PHG;;;;
;XPX;;;;
9R;VAP;;;;
PI;PDT;;;;
;PDT;;;;
;PCH;;;;
;PLU;;;;
;MKS;;;;
;PNP;;;;
;PIM;;;;
;PCL;;;;
9E;FLG;;;;
;PIO;;;;
;PER;;;;
;PRN;;;;
;PLN;;;;
;PMS;;;;
;PLZ;;;;
;PYZ;;;;
;LIB;;;;
;PSF;;;;
;POC;;;;
;PDA;;;;
;PAZ;;;;
;RMI;;;;
;PAW;;;;
;PTS;;;;
PO;PAC;;;;
;PMO;;;;
;PSR;;;;
;POT;;;;
;POF;;;;
;PLC;;;;
;PLF;;;;
;PNY;;;;
;NRW;;;;
;PPH;;;;
;PIK;;;;
;SRP;;;;
;PBW;;;;
;EDL;;;;
;PBB;;;;
;PHH;;;;
;PMV;;;;
;PHS;;;;
;HBT;;;;
;CUK;;;;
;PLA;;;;
PH;PAO;;;;
DJ;PLB;;;;
1U;;;;;
;PND;;;;
;PSI;;;;
;PLX;;;;
;PTQ;;;;
;POR;;;;
PD;POE;;;;
NI;PGA;;;;
;AFP;;;;
;POA;;;;
;PON;;;;
BK;PDC;;;;
;PSN;;;;
;PWL;;;;
;PFS;;;;
;PWC;;;;
PW;PRF;;;;
;PRE;;;;
;BAT;;;;
;PGL;;;;
;PME;;;;
;EMI;;;;
;PMU;;;;
;BFA;;;;
;ONM;;;;
TO;PSD;;;;
;PRD;;;;
;PWA;;;;
;PMM;;;;
FE;WCP;;;;
;PMC;;;;
;CRY;;;;
;PRM;;;;
;PKZ;;;;
;CME;;;;
;PJP;;;;
8Q;;;;;
;PCN;;;;
;PRY;;;;
;PAT;;;;
;BCK;;;;
;PTI;;;;
;PJE;;;;
;PJA;;;;
8W;PWF;;;;
P6;PVG;;;;
;PRH;;;;
;PSZ;;;;
;GIY;;;;
;PAD;;;;
;PVL;;;;
P0;PFZ;;;;
;PTT;;;;
;PRO;;;;
;PPA;;;;
;PTH;;;;
;PTL;;;;
;AWD;;;;
;SPR;;;;
;PRV;;;;
;PSW;;;;
;UDA;;;;
;PTA;;;;
;PSP;;;;
;PUV;;;;
;PNG;;;;
;TXV;;;;
;PGH;;;;
;PLY;;;;
;PTV;;;;
;MGO;;;;
;PYR;;;;
FV;PLK;;;;
;PRI;;;;
;PRW;;;;
;;;;;
;;;;;
;FQA;;;;
;QQE;;;;
;QNT;;;;
QF;QFA;;;;
QF;QLK;;;;
QF;QJE;;;;
;QAC;;;;
QR;QTR;;;;
;QAF;;;;
;IRQ;;;;
;QTX;;;;
;QUE;;;;
;QNA;;;;
;LBQ;;;;
;QAJ;;;;
;QAH;;;;
;QAS;;;;
;QAQ;;;;
;QCC;;;;
;QWA;;;;
;QWL;;;;
;RVF;;;;
;RGV;;;;
;WHH;;;;
;KRS;;;;
;VCB;;;;
;RLH;;;;
;RIX;;;;
;RTO;;;;
;RUT;;;;
;WES;;;;
;VRD;;;;
;RGE;;;;
;RJT;;;;
R6;;;;;
;BKH;;;;
;CFN;;;;
;COH;;;;
;CBY;;;;
;COT;;;;
;CWL;;;;
;KIN;;;;
;LEE;;;;
;LCS;;;;
;LOP;;;;
;LOS;;;;
;MRH;;;;
;NWO;;;;
;SMZ;;;;
;STN;;;;
;SMG;;;;
;TOF;;;;
;VYT;;;;
;VLL;;;;
;WAD;;;;
;WIT;;;;
;MTL;;;;
;RKM;;;;
;RWL;;;;
;RBB;;;;
;ACE;;;;
;GBR;;;;
1D;;;;;
;RAJ;;;;
;RFA;;;;
;REX;;;;
;RMT;;;;
;PPK;;;;
;RGM;;;;
;MWR;;;;
;RAQ;;;;
;CSM;;;;
;RVR;;;;
;RVN;;;;
;REI;;;;
;RYT;;;;
;RTN;;;;
;RCJ;;;;
;KSS;;;;
;RCB;;;;
;CDT;;;;
;RCD;;;;
;RLV;;;;
;REB;;;;
;PSH;;;;
;RBN;;;;
;DEV;;;;
;RDV;;;;
;RSV;;;;
;STR;;;;
8L;RHC;;;;
;RAV;;;;
;REF;;;;
V4;REK;;;;
;RVV;;;;
;RBH;;;;
;RGY;;;;
;RAH;;;;
;RAG;;;;
;RGR;;;;
;TSH;;;;
;RIL;;;;
;REW;;;;
;REG;;;;
FN;RGL;;;;
ZL;RXA;;;;
;JJM;;;;
P7;REP;;;;
3C;CEA;;;;
;REL;;;;
;RLT;;;;
;RTS;;;;
;RAN;;;;
QQ;ROA;;;;
;RGS;;;;
RW;RPA;;;;
RH;RPH;;;;
;RBC;;;;
;RST;;;;
;RDS;;;;
;RIU;;;;
;RIA;;;;
;RVC;;;;
;RIC;;;;
;RCA;;;;
;HPR;;;;
C7;RLE;;;;
;RID;;;;
;RAK;;;;
;RAZ;;;;
;POL;;;;
;RIM;;;;
;SKA;;;;
;REO;;;;
E2;GRN;;;;
RL;RIO;;;;
SL;RSL;;;;
;RVM;;;;
;RGP;;;;
;UNR;;;;
;RDL;;;;
;RBT;;;;
V2;RBY;;;;
;ROX;;;;
;RKW;;;;
;ROC;;;;
;RMA;;;;
;LIF;;;;
;RDZ;;;;
;FAD;;;;
;RRZ;;;;
;RRL;;;;
;BTU;;;;
;ROF;;;;
;RMV;;;;
;RNS;;;;
;ROR;;;;
;RNB;;;;
;NRG;;;;
;RFS;;;;
;RSS;;;;
;ROS;;;;
FV;SDM;;;;
;RAL;;;;
GZ;RAR;;;;
;RTR;;;;
;RKT;;;;
;JCR;;;;
;ROV;;;;
;VOS;;;;
;RCG;;;;
RR;RFR;;;;
RS;MJN;;;;
;ACW;;;;
;RRR;;;;
;RRF;;;;
;SHF;;;;
;RAX;;;;
AT;RAM;;;;
R0;RPK;;;;
;RLM;;;;
V5;RYL;;;;
;ASY;;;;
;RXP;;;;
;RYB;;;;
BI;RBA;;;;
;KDR;;;;
;RGA;;;;
;ROJ;;;;
RJ;RJA;;;;
;RJZ;;;;
RK;RCT;;;;
RK;RKH;;;;
;RMF;;;;
;NVY;;;;
;NRN;;;;
;NAF;;;;
;KIW;;;;
;NOW;;;;
;ROP;;;;
RL;PPW;;;;
;RRA;;;;
;RSF;;;;
;RYS;;;;
;RSN;;;;
WR;HRH;;;;
;RWE;;;;
;RSB;;;;
;RMG;;;;
;RUR;;;;
;KLE;;;;
;CGI;;;;
;RUH;;;;
;RLU;;;;
;MIG;;;;
;RFF;;;;
P7;ESL;;;;
;RUZ;;;;
;RUC;;;;
;RND;;;;
;RUA;;;;
;RWA;;;;
WB;RWD;;;;
7S;RCT;;;;
;RYA;;;;
RD;RYN;;;;
FR;RYR;;;;
;RYZ;;;;
;RAA;;;;
YS;RAE;;;;
;REV;;;;
RT;BUG;;;;
;OMN;;;;
;SEN;;;;
;SGC;;;;
;SCJ;;;;
;SIX;;;;
;SOG;;;;
;QSR;;;;
SS;CRL;;;;
;KBN;;;;
;CBN;;;;
;IBG;;;;
;BZQ;;;;
;BVV;;;;
;SJM;;;;
;SCH;;;;
;BYF;;;;
;SXT;;;;
TR;TGW;;;;
IJ;SJO;;;;
;SBD;;;;
6Y;ART;;;;
;MYX;;;;
;DES;;;;
;LSV;;;;
;FUF;;;;
E3;VGO;;;;
;SAQ;;;;
;SMU;;;;
;RBR;;;;
;SVB;;;;
;MHQ;;;;
;BIS;;;;
;SYH;;;;
GG;KYE;;;;
;KPM;;;;
;BSJ;;;;
GW;SGR;;;;
;USW;;;;
SH;SHA;;;;
N9;SHA;;;;
7E;AWU;;;;
;BDS;;;;
OL;SZB;;;;
;BEC;;;;
S4;RZO;;;;
SA;SAA;;;;
;KYD;;;;
;SAB;;;;
KV;SKV;;;;
;SAC;;;;
;SAG;;;;
W7;SAH;;;;
NL;SAI;;;;
MM;SAM;;;;
;SAN;;;;
;SAO;;;;
;ANX;;;;
;SAQ;;;;
SK;SAS;;;;
;SAV;;;;
;SAW;;;;
;SAX;;;;
;SAY;;;;
;SAZ;;;;
;SBA;;;;
PI;SGU;;;;
;SBA;;;;
;SBB;;;;
UG;SEN;;;;
;SBF;;;;
;SBG;;;;
S7;SBI;;;;
;SBL;;;;
Q7;SBM;;;;
;SBO;;;;
;SBQ;;;;
;SBR;;;;
BB;SBS;;;;
PV;SBU;;;;
;URJ;;;;
;SBZ;;;;
;AME;;;;
;SCA;;;;
;SCC;;;;
K5;SQH;;;;
;SCE;;;;
;SCF;;;;
;SCI;;;;
;SCK;;;;
W3;SCL;;;;
;SCB;;;;
;SCN;;;;
;AHI;;;;
FP;AND;;;;
UL;ALK;;;;
;CDL;;;;
;SCP;;;;
;SCQ;;;;
;SIC;;;;
;SCR;;;;
;SCS;;;;
;SCT;;;;
;SCV;;;;
SY;SCX;;;;
;SDA;;;;
;SDB;;;;
;SDC;;;;
;SDD;;;;
;SDE;;;;
;SDF;;;;
;SDH;;;;
;SDK;;;;
;SDL;;;;
;SDN;;;;
;SDU;;;;
;SDV;;;;
;SDX;;;;
;SDZ;;;;
;SEA;;;;
;SEB;;;;
;SED;;;;
;SEE;;;;
;SEH;;;;
SG;SEJ;;;;
;SEK;;;;
;SEL;;;;
;SEO;;;;
I6;SEQ;;;;
;SES;;;;
EH;SET;;;;
;SEV;;;;
;SFA;;;;
;SFC;;;;
;SFE;;;;
;SFF;;;;
;SFG;;;;
7G;SFJ;;;;
;SFL;;;;
;SFN;;;;
;SFP;;;;
FA;SFR;;;;
;SFS;;;;
;SFT;;;;
;SFU;;;;
;SFX;;;;
;SGB;;;;
;SGC;;;;
;SGD;;;;
;SGF;;;;
;SGH;;;;
;SGI;;;;
;SGK;;;;
;SGM;;;;
;SGN;;;;
;SGP;;;;
;SGS;;;;
;SGT;;;;
;SGU;;;;
;SGX;;;;
N5;SGY;;;;
;SHB;;;;
;SHC;;;;
;SHD;;;;
;SHE;;;;
;SHG;;;;
;SHJ;;;;
;SHK;;;;
;SHL;;;;
;SHM;;;;
;SHN;;;;
;SHO;;;;
;SHP;;;;
;SHQ;;;;
;SHR;;;;
;SHS;;;;
HZ;SHU;;;;
SP;SAT;;;;
8S;;;;;
;SHV;;;;
;SHW;;;;
;SHX;;;;
ZY;SHY;;;;
SQ;SIA;;;;
5M;SIB;;;;
;SIE;;;;
SI;SIH;;;;
;SIJ;;;;
;SIL;;;;
;SIM;;;;
;SIO;;;;
;SIR;;;;
;SIS;;;;
XS;SIT;;;;
;SIV;;;;
;SIW;;;;
;SJA;;;;
;SJC;;;;
;SJE;;;;
;SJJ;;;;
;SJL;;;;
;SJT;;;;
;SJY;;;;
ZS;SMY;;;;
;ALC;;;;
;SPS;;;;
;SPT;;;;
;SPU;;;;
;SPV;;;;
;SPW;;;;
;SPX;;;;
;SQA;;;;
SQ;SQC;;;;
;SQF;;;;
;SQL;;;;
;SRA;;;;
;SRC;;;;
FT;SRH;;;;
SX;SRK;;;;
SM;SRL;;;;
;SRL;;;;
;SRN;;;;
;SRO;;;;
;SRQ;;;;
S6;SRR;;;;
;SRS;;;;
;SRU;;;;
;SRW;;;;
;SRX;;;;
;SRZ;;;;
;SSB;;;;
;SSC;;;;
;SSD;;;;
;SSE;;;;
D2;SSF;;;;
;SSG;;;;
VD;BBB;;;;
;SSK;;;;
;SSO;;;;
;SSP;;;;
QF;SSQ;;;;
;SSS;;;;
;SST;;;;
;SSU;;;;
5G;SSV;;;;
;SSW;;;;
;SSY;;;;
;SSZ;;;;
;STA;;;;
;STB;;;;
;STC;;;;
;STD;;;;
;STE;;;;
;STF;;;;
;STG;;;;
;STH;;;;
;STI;;;;
;STJ;;;;
RE;STK;;;;
;STL;;;;
;STO;;;;
;STQ;;;;
FS;STU;;;;
;STU;;;;
;SUU;;;;
;STV;;;;
;STW;;;;
;STX;;;;
;STY;;;;
;SUA;;;;
;SUB;;;;
SD;SUD;;;;
PI;SUF;;;;
LW;FDY;;;;
;SUG;;;;
;SUH;;;;
;SUI;;;;
;SUK;;;;
;SUM;;;;
;SUR;;;;
EZ;SUS;;;;
;URF;;;;
;SUT;;;;
;SUV;;;;
SV;SVA;;;;
;SVD;;;;
;SVF;;;;
;AWJ;;;;
;SVH;;;;
;SVI;;;;
;SVJ;;;;
;SVL;;;;
;SVN;;;;
;SVO;;;;
;SVS;;;;
;SVT;;;;
;SVX;;;;
WN;SWA;;;;
;SWB;;;;
;SWC;;;;
A4;SWD;;;;
;SWE;;;;
;;;;;
WG;SWG;;;;
;SWI;;;;
;SWJ;;;;
;SWO;;;;
;SWP;;;;
;SWQ;;;;
LX;SWR;;;;
SR;SWR;;;;
SR;SDR;;;;
;SWS;;;;
;SWT;;;;
LZ[45];SWU;;;;
WV;SWV;;;;
S8;SWW;;;;
Q4;SWX;;;;
WO;WSW;;;;
;SWY;;;;
;SWZ;;;;
S8;SWZ;;;;
;SXA;;;;
;SXC;;;;
;SXE;;;;
;SXM;;;;
XQ;SXS;;;;
;SXT;;;;
;SXX;;;;
;SXY;;;;
;SYA;;;;
;SYC;;;;
;SYE;;;;
;SYF;;;;
;SYG;;;;
;SYI;;;;
;SYJ;;;;
;SYK;;;;
;SYN;;;;
RB;SYR;;;;
;SYS;;;;
;SYV;;;;
AL;SYX;;;;
ZP;AZQ;;;;
7L;AZG;;;;
;SYY;;;;
;SZT;;;;
;BHV;;;;
;BLY;;;;
;BNC;;;;
E5;BRZ;;;;
;CBN;;;;
SC;CDG;;;;
;CDS;;;;
;CEE;;;;
;CFL;;;;
;CGL;;;;
;CIG;;;;
;CNK;;;;
SK;CNO;;;;
9C;CQH;;;;
3U;CSC;;;;
FM;CSH;;;;
;CSY;;;;
ZH;CSZ;;;;
8C;CXI;;;;
;DKT;;;;
;DKY;;;;
;DNI;;;;
;EAB;;;;
;EAN;;;;
;ENR;;;;
7L;ERO;;;;
NE;ESK;;;;
CQ;EXL;;;;
;EXY;;;;
;FFD;;;;
;FFH;;;;
;FJE;;;;
;FLH;;;;
;GAD;;;;
;GDE;;;;
;GDG;;;;
;GIK;;;;
;GNA;;;;
;GSW;;;;
;GXL;;;;
;HAU;;;;
;HIP;;;;
;HJE;;;;
SO;HKA;;;;
;HLO;;;;
;HRI;;;;
;HSK;;;;
;HSV;;;;
;HSY;;;;
TE;IGA;;;;
;IJS;;;;
;ILS;;;;
;INK;;;;
;IRV;;;;
;IRZ;;;;
;JAM;;;;
;JCM;;;;
;JIM;;;;
JK;JKK;;;;
;KKS;;;;
;KOP;;;;
;KSP;;;;
;KYB;;;;
;KYR;;;;
;LGU;;;;
;LLA;;;;
;LLS;;;;
;LMG;;;;
;LMO;;;;
;LRS;;;;
;LSP;;;;
;MCG;;;;
;MDT;;;;
;MLO;;;;
;MMS;;;;
;MRI;;;;
2G*;MRR;;;;
;MSG;;;;
;MSP;;;;
;MTG;;;;
1Z;APD;;;;
1S;;;;;
1I;;;;;
1H;;;;;
1Q;;;;;
;SBW;;;;
1K;;;;;
1K;;;;;
2C;;;;;
2S;;;;;
;NAD;;;;
;NAZ;;;;
;NCS;;;;
NK;NKS;;;;
;NON;;;;
;NRZ;;;;
;NSC;;;;
;NSE;;;;
;NTB;;;;
;NTG;;;;
S0;OKS;;;;
;OKT;;;;
;OLC;;;;
;OLO;;;;
;ONG;;;;
SO;OSL;;;;
;OSS;;;;
;OTL;;;;
VA;OZW;;;;
;PIV;;;;
;PLT;;;;
;PMR;;;;
;PNS;;;;
;POB;;;;
;PSV;;;;
;PTM;;;;
;PUR;;;;
1I;PZR;;;;
;RBW;;;;
;REJ;;;;
;RER;;;;
;RFT;;;;
;RGC;;;;
;RLS;;;;
;RMP;;;;
;RSE;;;;
SX;SKB;;;;
;SKC;;;;
;SKD;;;;
;SKE;;;;
;AZG;;;;
;SKF;;;;
;SKG;;;;
RU;SKI;;;;
;SKK;;;;
;SKL;;;;
;SKN;;;;
;SKO;;;;
;SKR;;;;
;SKS;;;;
;SKS;;;;
S3;BBR;;;;
XT;SKT;;;;
H2;SKU;;;;
OO;SKW;;;;
JZ;SKX;;;;
BC;SKY;;;;
;SKZ;;;;
LJ;SLA;;;;
;SLB;;;;
;SLD;;;;
;SLE;;;;
;SLF;;;;
;SLG;;;;
;SLH;;;;
;AGE;;;;
MI;SLK;;;;
6Q;SLL;;;;
PY;SLM;;;;
;SLN;;;;
;SLP;;;;
;SLS;;;;
;SLV;;;;
;SLW;;;;
;SLX;;;;
;SLY;;;;
;SLZ;;;;
;SMA;;;;
;SMC;;;;
;SMD;;;;
8D;;;;;
;SME;;;;
;SMF;;;;
;SMH;;;;
;SMK;;;;
;SML;;;;
;SMM;;;;
;SMQ;;;;
;SMR;;;;
;SMT;;;;
;AOS;;;;
;SNA;;;;
NB;SNB;;;;
;SNE;;;;
;SNF;;;;
;SNH;;;;
;SNI;;;;
6J;SNJ;;;;
;SNK;;;;
;SNL;;;;
;SNM;;;;
;SNP;;;;
;SNQ;;;;
;SNS;;;;
;SNT;;;;
;SNU;;;;
;SNV;;;;
;SNW;;;;
;SNX;;;;
;SOB;;;;
;SOC;;;;
;SOH;;;;
;SOI;;;;
IE;SOL;;;;
;SOM;;;;
;SON;;;;
;SOO;;;;
;SOP;;;;
;SOR;;;;
;SOT;;;;
;SOU;;;;
6W;SOV;;;;
;SOW;;;;
;SOX;;;;
HZ;SOZ;;;;
;SPA;;;;
;SPB;;;;
;SPC;;;;
;SPE;;;;
;SPF;;;;
;SPG;;;;
;SPH;;;;
;SPI;;;;
;SPL;;;;
;SPN;;;;
;SPP;;;;
;SPQ;;;;
;TBS;;;;
S5;TCF;;;;
;SVV;;;;
;TGT;;;;
;THB;;;;
;TIH;;;;
;TRL;;;;
;TRN;;;;
;TTM;;;;
;TZU;;;;
;UGP;;;;
;UKU;;;;
;UNT;;;;
;USK;;;;
;USN;;;;
;UZS;;;;
;VDO;;;;
;VGS;;;;
;VRB;;;;
;VRS;;;;
;VSV;;;;
;VXN;;;;
;TWY;;;;
;WCC;;;;
;WFC;;;;
;WLK;;;;
;XLK;;;;
;XMX;;;;
;XPG;;;;
;XSA;;;;
;XSN;;;;
;XTA;;;;
;XTR;;;;
;XXS;;;;
;YBE;;;;
R1;;;;;
S6;;;;;
;FYA;;;;
;UFA;;;;
;SAF;;;;
Q4;TLK;;;;
V9;HCW;;;;
SO;AAS;;;;
O3;CSS;;;;
;SXN;;;;
;RZ;;;;
5P;LLX;;;;
XG;SXD;;;;
;TEZ;;;;
;TXZ;;;;
WE;THD;;;;
VZ;TVJ;;;;
;TQE;;;;
XJ;TAX;;;;
SL;TLM;;;;
;TCB;;;;
;TDA;;;;
;THS;;;;
;TMD;;;;
;TRK;;;;
;TKJ;;;;
;TCG;;;;
;TMC;;;;
;SWD;;;;
;SWL;;;;
;TAC;;;;
;TAD;;;;
EQ;TAE;;;;
;BAP;;;;
;TAG;;;;
;TAL;;;;
JJ;TAM;;;;
;AUC;;;;
TP;TAP;;;;
TU;TAR;;;;
;TAU;;;;
;TAX;;;;
3V;TAY;;;;
TR;TBA;;;;
;TBC;;;;
;TBD;;;;
M7;TBG;;;;
;TBH;;;;
;TBI;;;;
;TBM;;;;
;TBN;;;;
;TBR;;;;
;TBX;;;;
;TCA;;;;
;TCB;;;;
;TCC;;;;
;TCD;;;;
;TCE;;;;
T2;TCG;;;;
;TCH;;;;
;TCM;;;;
;TCN;;;;
;TCP;;;;
;TCT;;;;
;TCU;;;;
HQ;TCW;;;;
MT;TCX;;;;
;TCY;;;;
;TDC;;;;
;TDE;;;;
;TDI;;;;
TQ;TDM;;;;
;TDO;;;;
;TDR;;;;
;TDV;;;;
;TDX;;;;
;TEB;;;;
L9;TLW;;;;
;TEF;;;;
;TEH;;;;
;TEL;;;;
;TEM;;;;
;TEN;;;;
;TER;;;;
;TES;;;;
UE;TEP;;;;
;TET;;;;
;TFA;;;;
;TFB;;;;
;TFF;;;;
;AIM;;;;
;TFH;;;;
;TFI;;;;
;TFK;;;;
;TFO;;;;
;TFT;;;;
;SRF;;;;
;TFY;;;;
;TGC;;;;
;TGE;;;;
;TGI;;;;
;TGM;;;;
;TGN;;;;
2S;TGR;;;;
ZT;AWC;;;;
;TGO;;;;
TR;TGW;;;;
TT;TGG;;;;
IT;TTW;;;;
;MDL;;;;
DG;SRQ;;;;
;TGX;;;;
;TGY;;;;
TG;THA;;;;
;THC;;;;
;THE;;;;
;THF;;;;
;THG;;;;
;THJ;;;;
;THK;;;;
FD;AIQ;;;;
;THO;;;;
;THR;;;;
;THU;;;;
TK;THY;;;;
;THZ;;;;
;TIA;;;;
;TIC;;;;
;TIE;;;;
;TIK;;;;
;TIM;;;;
;TIN;;;;
;TIS;;;;
;TIW;;;;
;TJK;;;;
;TJN;;;;
;TJS;;;;
T7;TJT;;;;
;TKC;;;;
;TKE;;;;
;TKX;;;;
9I;LLR;;;;
;TLA;;;;
;TLF;;;;
;TLL;;;;
;TLO;;;;
TD;TLP;;;;
;TAJ;;;;
;TLS;;;;
;TLT;;;;
;TLV;;;;
;TLX;;;;
;TLY;;;;
TL;TMA;;;;
;TMD;;;;
GY;TMG;;;;
;TMH;;;;
;TMI;;;;
;TMK;;;;
OF;TML;;;;
;TMM;;;;
;TMQ;;;;
;TMR;;;;
;TMS;;;;
;TMT;;;;
;TMX;;;;
;TMY;;;;
;TMZ;;;;
;TNB;;;;
;TNE;;;;
;TNF;;;;
;TNG;;;;
;TNI;;;;
;TNL;;;;
3P;TNM;;;;
;TNP;;;;
;TNR;;;;
;TNT;;;;
;TNV;;;;
;TNW;;;;
;TNX;;;;
;TNY;;;;
7T;TOB;;;;
;TOJ;;;;
TI;TOL;;;;
BY;TOM;;;;
;TOP;;;;
;TOR;;;;
PM;TOS;;;;
;TOT;;;;
;TOW;;;;
;TOY;;;;
QT;TPA;;;;
;TPD;;;;
;TPF;;;;
;TPG;;;;
;TPL;;;;
;TPM;;;;
;TPN;;;;
;TPP;;;;
;TPR;;;;
;TPS;;;;
;TPT;;;;
;TPU;;;;
;TPV;;;;
;TPX;;;;
;TPY;;;;
;TPZ;;;;
K3;TQN;;;;
;TQR;;;;
GE;TNA;;;;
TO;TVF;;;;
HV;TRA;;;;
;TRC;;;;
VR;TCV;;;;
;TRD;;;;
;TRF;;;;
;TRG;;;;
;TRJ;;;;
;TRM;;;;
;TRO;;;;
;TRQ;;;;
;TRR;;;;
;TRT;;;;
;TRU;;;;
;TRW;;;;
;TRY;;;;
T9;TRZ;;;;
;TSA;;;;
;TSD;;;;
TH;TSE;;;;
;TSG;;;;
;TSI;;;;
S5;TSJ;;;;
;TSK;;;;
;TSL;;;;
;SBT;;;;
9T;ABS;;;;
;TSM;;;;
;TSN;;;;
UN;TSO;;;;
;TSP;;;;
;TSR;;;;
;TSS;;;;
;TST;;;;
;TSV;;;;
;TSW;;;;
T9;TSX;;;;
;TSY;;;;
;TTA;;;;
;TTC;;;;
;TTH;;;;
;TTL;;;;
;TTP;;;;
;TTR;;;;
;TTS;;;;
T5;TUA;;;;
;TUC;;;;
UG;TUI;;;;
;TUL;;;;
;TUM;;;;
;TUO;;;;
;TUX;;;;
;TUZ;;;;
;TVA;;;;
;TVH;;;;
;TVI;;;;
7O[49];TVL;;;;
;TVO;;;;
T6;TVR;;;;
QS;TVS;;;;
TW;TWB;;;;
;TWE;;;;
;TWJ;;;;
;TWL;;;;
;TWM;;;;
;TWO;;;;
;TWW;;;;
;TXA;;;;
AL;TXC;;;;
;TXE;;;;
;TXL;;;;
;TXM;;;;
;TXN;;;;
;TXO;;;;
;TXR;;;;
;TXS;;;;
;TXT;;;;
;TXZ;;;;
;TYF;;;;
;TYG;;;;
;TYW;;;;
;TZE;;;;
;TZK;;;;
;BLI;;;;
6B;BLX;;;;
;BOL;;;;
;BOX;;;;
;CHE;;;;
;CLR;;;;
;CLU;;;;
;CTP;;;;
;CWT;;;;
;DCL;;;;
;DOT;;;;
;DRC;;;;
DT;DTA;;;;
SF;DTH;;;;
;EAR;;;;
;ELV;;;;
;FBO;;;;
;FNV;;;;
;FPG;;;;
;GFN;;;;
;GJB;;;;
TJ;GPD;;;;
;HBA;;;;
;HET;;;;
;HTO;;;;
;HVK;;;;
;IHS;;;;
;TBA;;;;
;IRF;;;;
;IRR;;;;
;JCH;;;;
;KCA;;;;
;JEL;;;;
;KRA;;;;
;KTB;;;;
;KTS;;;;
PZ;LAP;;;;
;LCC;;;;
;LEG;;;;
;LKW;;;;
AX;LOF;;;;
;LTA;;;;
;MCT;;;;
;MGM;;;;
;MOH;;;;
;MPO;;;;
;MUI;;;;
;MXQ;;;;
1E;;;;;
2H;;;;;
;;;;;
;NTR;;;;
1L;OSY;;;;
;PCW;;;;
;PGS;;;;
;PSS;;;;
;RBD;;;;
;REC;;;;
;RMS;;;;
RO;ROT;;;;
;ROU;;;;
;RRT;;;;
;RRY;;;;
;RTM;;;;
;SBJ;;;;
;SEI;;;;
;SRT;;;;
3T;URN;;;;
T4;TIB;;;;
;USB;;;;
;UTM;;;;
;UTN;;;;
;UTT;;;;
;VEN;;;;
;VIP;;;;
L6;VNZ;;;;
;VRC;;;;
XN;XAR;;;;
;XNR;;;;
VO;TYR;;;;
TX;TAN;;;;
OR;TFL;;;;
GS;GCR;;;;
TZ;;;;;
;TUM;;;;
;UEU;;;;
;UCG;;;;
;CUH;;;;
;DOD;;;;
;DOI;;;;
;CNV;;;;
;EXM;;;;
;GIH;;;;
;GKA;;;;
U5;GWY;;;;
B7;UIA;;;;
;UAB;;;;
UA;UAL;;;;
4H;UBD;;;;
;UAC;;;;
;UCS;;;;
;UEA;;;;
U2;UFS;;;;
;CFU;;;;
;KRF;;;;
;KRH;;;;
;SDS;;;;
;TQF;;;;
;CGX;;;;
;AGR;;;;
;UAD;;;;
;UAJ;;;;
;UAA;;;;
;UAS;;;;
;HBU;;;;
;HLE;;;;
U7;JUS;;;;
;LEA;;;;
;MSH;;;;
;NDU;;;;
;PNA;;;;
;;;;;
;RAU;;;;
;SAU;;;;
U6;SVR;;;;
;TRB;;;;
;UAF;;;;
;UAI;;;;
;UCC;;;;
;UCH;;;;
;UCO;;;;
;UES;;;;
QU;UGA;;;;
;UGC;;;;
;UHL;;;;
;UHS;;;;
;UJR;;;;
;UJT;;;;
;UKI;;;;
;UKL;;;;
UF;UKM;;;;
;UKN;;;;
;UKP;;;;
6Z;UKS;;;;
;ULT;;;;
;ULH;;;;
;ULR;;;;
;UNC;;;;
;UNF;;;;
;UNJ;;;;
;UNS;;;;
;UNU;;;;
;UPL;;;;
5X;UPS;;;;
;URV;;;;
US;AWE;;;;
;USF;;;;
UH;USH;;;;
;USJ;;;;
;USX;;;;
UT;UTA;;;;
;UTG;;;;
;UTR;;;;
;UTS;;;;
;UTU;;;;
;UVA;;;;
;UVG;;;;
;UVM;;;;
;AIO;;;;
;UVN;;;;
HY;UZB;;;;
PS;AUI;;;;
;WEC;;;;
US;;;;;
US;USA;;;;
;QID;;;;
;UIT;;;;
JW;VNL;;;;
;VAI;;;;
;VAR;;;;
;VLR;;;;
;VDR;;;;
;VVV;;;;
VB;VIV;;;;
;VIL;;;;
VA;VOZ;;;;
;VBA;;;;
;WIW;;;;
;VBD;;;;
;VAC;;;;
;RDW;;;;
;VLA;;;;
;VLN;;;;
;EHR;;;;
VF;VLU;;;;
J7;VJA;;;;
;VAA;;;;
;VGC;;;;
;VGD;;;;
0V;VFC;;;;
;VAG;;;;
;WGA;;;;
;WEL;;;;
;VTX;;;;
;BTP;;;;
VC;VAL;;;;
;GRV;;;;
VN;HVN;;;;
;KWA;;;;
NN;MOV;;;;
;MVY;;;;
2R;;;;;
;ENV;;;;
;VCT;;;;
;SSI;;;;
;FXF;;;;
;PAV;;;;
;PRX;;;;
;VAT;;;;
VA;;;;;
;VCA;;;;
;VCM;;;;
Y4;VOI;;;;
VI;VDA;;;;
;VEA;;;;
;VEC;;;;
;VEE;;;;
;VEI;;;;
VX;VRD;;;;
VJ;VJC;;;;
V4;VES;;;;
TV;VEX;;;;
;VFT;;;;
VK;VGN;;;;
;VGV;;;;
;VHA;;;;
;VHM;;;;
;VIB;;;;
;VIC;;;;
;VIE;;;;
;VIF;;;;
;VIG;;;;
;VIH;;;;
;VIK;;;;
;VIN;;;;
VS;VIR;;;;
;VJM;;;;
;VJT;;;;
;VJT;;;;
ZG;VVM;;;;
VE;VLE;;;;
VY;VLG;;;;
XF;VLK;;;;
LC;VLO;;;;
;VLT;;;;
;VMA;;;;
;VNK;;;;
VM;VOA;;;;
;VOG;;;;
9V;VPA;;;;
;VPB;;;;
;VPV;;;;
;VRA;;;;
;VRE;;;;
;VRL;;;;
RG;VRN;;;;
FC;VVC;;;;
;VSB;;;;
;VSN;;;;
;VSO;;;;
VP;VSP;;;;
;VSS;;;;
;VTC;;;;
;VTH;;;;
V7;VOE;;;;
;VTK;;;;
;VTL;;;;
;VTV;;;;
;VUR;;;;
;VUS;;;;
;VZL;;;;
VG;VLM;;;;
;WCY;;;;
;WEV;;;;
G6;WLG;;;;
;VNR;;;;
UK;VTI;;;;
;;;;;
;;;;;
;WGN;;;;
;WCC;;;;
WD;WDL;;;;
;WRR;;;;
;XWS;;;;
;CGG;;;;
;WAS;;;;
;GOT;;;;
;WPT;;;;
;WAV;;;;
;ATX;;;;
WT;WSG;;;;
;;;;;
;WTC;;;;
WH;WEB;;;;
;TDB;;;;
2W;WLC;;;;
;BLW;;;;
;WCB;;;;
;WTF;;;;
WZ;WSF;;;;
;WAC;;;;
;WLX;;;;
PT;SWN;;;;
YH;WCW;;;;
;WCR;;;;
8O;YWZ;;;;
;;;;;
;WCG;;;;
;WCA;;;;
;TEE;;;;
;WEW;;;;
WS;WJA;;;;
;WAA;;;;
;WSC;;;;
;PCM;;;;
;BLK;;;;
XP;CXP;;;;
;WST;;;;
;NPC;;;;
;WAE;;;;
WA;WAL;;;;
WA;KLC;;;;
;WAL;;;;
;WTV;;;;
;WES;;;;
W7;KMR;;;;
;WPA;;;;
;WSL;;;;
;WSA;;;;
;WHE;;;;
;WTP;;;;
CN;WWD;;;;
;WHT;;;;
;WEA;;;;
;WRA;;;;
;WWL;;;;
WF;WIF;;;;
;WIG;;;;
;WHS;;;;
;WFO;;;;
;WLS;;;;
;WGP;;;;
;WDA;;;;
;WNA;;;;
IV;JET;;;;
;WSI;;;;
7W;QGA;;;;
;WIA;;;;
IW;WON;;;;
;WAT;;;;
;WAW;;;;
;WOL;;;;
;WEX;;;;
;WLB;;;;
;WIN;;;;
;WAG;;;;
;WSM;;;;
8Z;WVL;;;;
W6;WZZ;;;;
;WNR;;;;
;CWY;;;;
WO;WOA;;;;
;XWW;;;;
;WWM;;;;
1P;;;;;
UI;CSW;;;;
;WWS;;;;
;WWI;;;;
WW;WOW;;;;
;WRT;;;;
8V;WRF;;;;
;CWU;;;;
;WYC;;;;
;WYG;;;;
KW;WAN;;;;
3W*;VNR;;;;
WR;WEN;;;;
;XJE;;;;
;XAB;;;;
;XAE;;;;
;XJC;;;;
;XER;;;;
7A;XRC;;;;
MF;CXA;;;;
;CXJ;;;;
;XJT;;;;
SE;SEU;;;;
;GXL;;;;
;XOJ;;;;
;XPS;;;;
;;;;;
;RAG;;;;
XP;CXP;;;;
;DGA;;;;
;YRG;;;;
;AKY;;;;
;YAK;;;;
YL;LLM;;;;
;YAK;;;;
R3;SYL;;;;
;CYG;;;;
;AYG;;;;
Y8;YZR;;;;
;LYH;;;;
;MHD;;;;
Y0;EMJ;;;;
;ELW;;;;
IY;IYE;;;;
;ERV;;;;
;NYT;;;;
;YFS;;;;
;AYU;;;;
;AYE;;;;
4Y;UYA;;;;
;UGN;;;;
2N;UMK;;;;
;BZE;;;;
;AZB;;;;
;AZJ;;;;
;AZR;;;;
;CDC;;;;
;CIT;;;;
;EMR;;;;
;EZD;;;;
;GZQ;;;;
C4;IMX;;;;
;IZG;;;;
;JTU;;;;
;KVZ;;;;
;KZH;;;;
;MBG;;;;
;MLU;;;;
;MZE;;;;
;ORZ;;;;
;PZY;;;;
;RZR;;;;
;RZU;;;;
;SYZ;;;;
;TAN;;;;
;ZAI;;;;
;ZAK;;;;
;ZAR;;;;
;ZAV;;;;
;ZAW;;;;
;ZMA;;;;
;RZV;;;;
Q3;MBN;;;;
;ZAN;;;;
;ZAS;;;;
;CJG;;;;
;CFZ;;;;
;CYN;;;;
3J;WZP;;;;
Z4;OOM;;;;
;ORZ;;;;
