Q5;MLA
4R;SEK
4O;AIJ
7A;XRC
7C;JJA
P6;PSC
JY;IWY
JU;ASL
QH;LYN
XK;CCM
EI;EIN
A8;XAU
RV;ROU
7A;AZY
W9;AAB
6U;ACX
E4;RSO
ZI;AAF
AE;AE
OZ;AAR
4K*;AAS
8U;AAW
Q9;AFU
KI;AAG
QB;AAJ
LD;AHK
UX;AEA
IG;AEY
NX;AMU
ZV;AMW
HM;SEY
AF;AFR
SB;ACI
EH;AKX
ZW;AWI
GN;AGN
NQ;AJX
VD;LIB
TT;KLA
4N;ANT
NZ;ANZ
QM;AML
ML;BIE
P8;MKG
ZX;ABL
G8;AGB
7T;AGV
6V;VGA
NH;ANA
TZ;TWG
2Q;SNC
V7;SNG
AB;BER
4D;ASD
QN;ARR
AI;AIC
PJ;SPM
SZ;WOW
8C;ATN
NF;AVN
ZB;BUB
CC;ABD
RB;SBK
TN;THT
SW;NMB
AW;AFW
PE;AEL
JM;AJM
6G;AWW
TX;FWI
IX;AXB
BT;BTI
EL;ANK
YW;ANE
PX;ANG
G9;ABY
AC;ACA
AP;LAV
XT;AXL
UM;AZW
S2;RSH
TC;ATC
2J;VBW
KM;AMC
YT;TGA
G4;AAY
M3;TUS
O4;ABV
GB;ABX
GB;ABX
8V;ACP
8T;TID
Z7*;ADK
JP;ADR
EM*;AEB
A3;AEE
2K;GLG
KD;AEN
KO;AER
VX;AES
KH;AAH
AA;AAL
AX;?
AN;AAA
5W;AEU
VV;AEW
WK;AFB
QQ;UTY
FG;AFG
RV*;AFI
Y2;AFJ
SU;AFL
5Z;AFX
5D;SLI
1A;AGT
JJ;AGX
PL;PLI
8A;BMM
GD;AHA
HT;AHW
J2;AHY
U3;AIA
4Y;AIB
RS;ASV
5A;AIP
ED*;ABQ
W4;BES
IZ;AIZ
M6;AJT
4A;AKL
EV;ASQ
HP;AWE
VH;ALV
TZ;AMT
AM;AMX
TL;ANO
OY;ANS
IW;AOM
J6;AOC
2D;AOG
VB;VIV
OE;AOT
GV;ARF
JW;APW
2B;AWT
4C;ARE
AR;ARG
AS;ASA
PL;ASE
OB;ASZ
HC;ATI
FO;ATM
OS;AUA
IQ;AUB
RU;ABW
MO;AUH
GR;AUR
NO;AUS
AU;AUT
AO;AUZ
AV;AVA
A0;MCJ
O6;ONE
K8;ZAK
4Y;BGA
B9;BGD
HJ;AXF
AK;AXM
D7;XAX
DJ;WAJ
I5;IAD
6V;AXY
EX;BJK
3G;AYZ
AZ;AZA
ZE;AZE
A2;AZI
R7;OCA
RX;AEH
MQ;EGF
ZS;AZI
ML;ETC
VU;VUN
BP;BOT
GS;UPA
VT;VTA
3N;URG
VL;VIM
FK;WTA
G2;VXG
V8;VAS
K6;KHV
VE;AVE
V5;VLI
CA;CCA
Q6;CDP
5F;CIR
QC;CRD
NV;CRF
CV;CVA
CW;CWM
ZA;CYD
AH;DAH
KI;DHI
ER;DHL
HO;DJA
EN;DLA
NM;DRD
EE;EAY
4F;ECE
EI;EIN
E8;ELG
KY;EQL
PC;FAJ
OF;FIF
FJ;FJI
RC;FLI
QH;FLZ
NY;FXI
2P;GAP
ZX;GGN
2U;GIP
0A;GNT
DA;GRG
GL;GRL
LL;GRO
5Y;GTI
GG;GUY
H9;HAD
GG;HAH
HD;HLN
8C;HZT
W9;JAB
IP;JOL
QK;JZA
KK;KKK
JS;KOR
KC;KZR
LV;LBC
3S;BOX
D4;LID
9I;LLR
XL;LNE
A6;LPV
TD;LUR
L8;LXG
LK;LXR
MK;MAU
MD;MDG
9U;MLD
L9;MLI
A7;MPD
QO;MPX
MR;MRT
3S*;AEN
8D*;SUW
F4;NBK
AJ;NIG
8Y;PBU
OT;PEL
AD;PRZ
QD;QCL
QS;QSC
4Y;RBU
AG;ARU
MC;RCH
RE;REA
UU;REU
ZP;AZP
6K;RIT
A5;RLA
QL;RLN
R3;RME
MV;RML
2O;RNE
U8;RNV
BQ;ROM
P5;RPB
BF;RSR
5L;RSU
EX;SDO
JR;SER
Z3;SMJ
M3;SPJ
GM;SVK
R3;SYL
VW;TAO
JY;TCI
OR;TFL
CG;TOK
TY;TPC
FL;TRS
TS;TSC
EC;TWN
DW;UCR
U7;UGA
6U;UKR
6R;DRU
AD;AZU
6A;CHP
JZ;SKX
WD*;AAN
AQ;AAH
3J;AAQ
OB;AAT
SM;AAW
KJ;AAZ
BX;ABL
AK;ABR
YE;ACQ
VJ;AFF
QH;FLA
3O;MAC
HD;ADO
X9;NVD
UJ;LMU
JD;CBJ
ID;BTK
8Q*;BAJ
L9;BAL
BA;BAW
BG;BBC
BO;BBD
B4;BCF
WX;BCY
BZ;BDA
JA;BON
J4;BFL
8H;BGH
A8;BGL
4T;BHP
UP;BHS
BS;BIH
B4;BKA
PG;BKP
KF;BLF
JV;BLS
B3;BLV
BD;BMA
BM;BMR
WW;BMI
CH;BMJ
5Z;BML
BO;BOU
BV;BPA
7R;BRB
8E;BRG
B2;BRU
BN;BNF
GQ;BSY
V9;BTC
BQ;BTL
Y6;BTV
L9;BTZ
1T;BUC
BU;BUN
J8;BVT
QW;BWG
SN;BXI
DB;BZH
E9;CXS
SN;BEL
NT;IBB
0B;BMS
KJ;LAJ
FB;LZB
8N;NKF
CJ;CFE
OB;BOV
YB;BRJ
BW;BWA
7N;PWD
5C;ICL
AW;SCH
3C;CMV
MO;CAV
R9;CAM
K6;KHV
UY;UYC
C6;CJA
CP;CDN
5T;MPE
CP;CPC
W2;CWA
9K;KAP
PT;CCI
GG;GGC
2G;CRG
W8;CJT
CV;CLX
C8;ICV
BW;BWA
8B;GFI
V3;KRP
RV;CPN
KA;HDA
CX;CPA
KX;CAY
5J;CEB
9M;GLR
J7;CVC
WE;CWC
OP;CHK
MG;CCP
2Z;CGN
S8;CSU
RP*;CHQ
C8;WDY
CI;CAL
CK;CKK
MU;CES
G5;HXA
CJ;CBF
WH;CNW
8Y;CYZ
CZ;CSN
KN;CUA
XO;CXH
3Q;CYH
X7;CHF
A2;CIU
QI;CIM
C7;CIN
C9;RUS
CF;SDR
G3;CIX
WX;BCY
CJ;CFE
CT;CAT
6P;ISG
BX;CST
9L;CJC
YD;CAT
OH;COM
MN;CAW
C5;UCA
KR;CWK
GJ;MXC
CP;CPZ
DE;CFG
CO;COA
PC;PVV
CS;CMI
V0;VCV
CM;CMP
CQ;CCW
XC;CAI
CD;CND
SS;CRL
XK;CCM
F5;COZ
7C;COY
OU;CTN
QE;ECC
CU;CUB
CY;CYP
YK;KYV
OK;CSA
8L;CGP
GJ;CDC
5Z;KEM
XG;CLI
V5;VPA
WD;DSR
DX;DTR
D0;DHK
ES;DHX
L3;JOS
D3;DAO
N2;DAG
H8;KHB
DD;DDL
0D;DWT
D5;DAU
DL;DAL
J7;DNM
1I;AMB
AW;DIR
DH;DVA
Z6;UDN
YU;ADM
DO;DOA
E3;DMO
D9;DNV
5D;UDC
KB;DRK
DI;BAG
MQ;ENY
EL;ELB
9A;EZX
VE;EUJ
BR;EVA
EY;EFL
H7;EGU
NZ;EAG
QU;UTN
S9;HSA
ZE;ESR
EA;EAL
T3;EZE
QF;EAQ
DK;ELA
W9;SGR
WK;EDW
MS;MSR
LY;ELY
UZ;BRQ
EK;UAE
EM;CFS
EU;EEA
G8;ENK
OF;ENT
E0;ESS
B8;ERT
E7;ESF
OV;ELL
ET;ETH
EY;ETD
MM;MMZ
UI;ECA
GJ;EEZ
K2;ELO
3W;EMX
5O;FPO
EA;EAL
QY;BCS
E7;EAF
EW;EWG
EZ;EIA
JN;XLA
MB;EXA
OW;EXK
EO;LHN
EV;ASQ
U2;EZY
DS;EZS
EC;EJU
FE;FEA
F6;RCK
F3;FSW
FX;FDX
N8;HGK
4S;FNC
AY;FIN
FC;WBA
FY;FFM
7F;FAB
DP;FCA
8F;FFR
8D;EXV
B5;FLT
PA;FCL
RF;FWL
8W;EDR
F2;FLM
OJ;FJM
SH;FLY
D7;XFA
TE;LIL
LF;NDC
F7;BBO
BE;BEE
Y2;GSM
W3;FYH
FP;FRE
VY;FOS
5F;FIA
HK;FSC
FH;FHY
SJ;FOM
FP;FRE
F9;FFT
2F;FTA
FH;FUA
FZ;FDB
9Y;FGE
VK;FVK
GL;GRL
GX;GBC
Y5;GMR
GT;GBL
Z5;GMG
7O;GAL
GC;GNR
G7;GNF
GA;GIA
4G;GZP
GR;GCO
A9;TGZ
QB;GFG
ST;GMI
4U;GWI
GP;RIV
GH;GLP
GH;GHA
G0;GHB
G8;GOW
G7;GJS
G3;GLO
DC;GAO
5Z;GON
GV;GUN
ZK;GLA
IJ;GWL
G6;BSR
J9;GIF
G8;GUJ
GF;GFA
3S;GUY
MR;MML
A5;HOP
H6;HAG
HR;HHN
HU;CHH
2T;HAM
4R;HHI
X3;HLX
HF;HLF
HB;HAR
HQ;HMY
HA;HAL
HN;HVY
JB;JBA
ZU;HCY
9I;HTA
HJ;HEJ
HW;FHE
2L;OAW
EO;ALX
UD;HER
5K;HFY
H5;HOA
HC;HCC
HX;CRK
RH;HKC
UO;HKE
A6;HTU
QX;QXE
BN;HZA
IK;KAR
II;CSQ
0C;IBL
C3;IPR
IB;IBE
I2;IBS
TY;IWD
FW;IBX
D8;IBK
FI;ICE
V8;IAR
DH;IDE
6E;IGO
IC;IAC
I9;IBU
QZ;AWQ
IO;IAA
C4;IMX
H4;IIN
D6;ILN
ZA;SUW
RS;ICT
ID;ITK
6I;IBZ
3L;ISK
I4;FWA
IR;IRA
EP;IRC
IA;IAW
IH;MZA
2S;SDY
IF;ISW
WC;ISV
6H;ISR
FS;ACL
GI;IKA
H9;IZM
JC;JEX
JO;JAZ
MT;JMC
JI;JAE
3X;JAC
JL;JAL
JL;JAL
EG;JAA
NU;JTA
JA;JAT
VJ;JTY
J9;JZR
7C;JJA
O2;JEA
9W;JAI
PP;PJS
3K;JSA
LS;EXS
B6;JBU
JF;JAA
0J;JCS
SG;JGO
JQ;JST
GK;JJP
JM;JKT
JX;JEC
JO;JTG
GX;JXX
R5;JAV
J4;JCI
6J;JUB
HO;DKH
3Q;KCH
KW;KHK
KD;KLS
KD;KNI
WA;KLC
KL;KLM
N2;QNK
K4;CKS
K9;KFS
CB*;KFS
RQ;KMF
E2;KMP
V2;AKT
KV;MVD
M5;KEN
KQ;KQA
BZ;KEE
K6;KZW
IT;KFR
Y9;IRK
KP;KIA
7K;KGL
8J;KMV
KE;KAL
7B;KJC
K9;KRI
GW;KIL
VD;KPA
KU;KAC
GO;KZU
N5;KGZ
QH;LYN
R8;KGA
FK;KEW
YQ;LCT
JF;LAB
LR;LRC
KG;BNX
LA;LAN
4M;DSM
UC;LCO
PZ;LAP
LU;LXP
LP;LPE
LO;LOT
XO;LTE
L3;LTO
LT;LTU
N6;JEV
IK;LKN
QL;RLN
QV;LAO
L7;LPN
NG;LDA
OE[28];LDM
LQ;LAQ
LI;LIA
LV;LVL
LN;LAA
L7;LNP
QL;LER
ZE;LCD
TM;LAM
JT;LNI
LM;LVG
LB;LLB
LC;LOG
HE;LGW
LH;DLH
LH;GEC
CL;CLH
DV;LTF
L5;LTR
LG;LGL
5V;UKW
L2;LYC
L4;SSX
Z8;AZN
MJ;LPR
LT;SNG
LJ;JNA
Q2;DQA
OD;MXD
AQ;MPJ
M7;MAA
MH;MWG
IN;MAK
OM;MGL
MB;MNB
CC;MCK
W5;IRM
M2;MZS
MH;MAS
TF;SCW
R5;MAC
MA;MAH
RI;MDL
AE;MDA
JE;MNO
6V;MRW
M7;MSL
MP;MPH
H5;MVL
8M;MXL
MY;MXJ
MW;MYD
7M;MYI
M8;MKN
IM;MNJ
IG;ISS
MZ;MNA
YV;ASH
XJ;MES
MX;MXA
LL;BSK
ME;MEA
JI;MDW
ML;MDW
YX;MEP
MY;MWA
MJ;MLR
M4;MSA
MW;MUL
2M;MDV
ZB;MON
YM;MGX
5M;MNT
3R;GAI
M9;MSI
NM;NZM
N4;MTC
VZ;MYT
UB;UBA
8M;MMA
M2;MHV
6N;NIN
N5;FEY
DV;ACK
UE;NAS
N4;NCN
N7;ROK
NA;NAL
N8;NCR
IN;NIH
NC;NJS
CE;NTW
RA;RNA
NO;NOS
1I;EJA
EJ;NEA
2N;NTJ
HG;NLY
KZ;NCA
DD;NOK
XW;NCT
5N;AUL
JH;NES
6N;NRD
N4;NWS
NA;NAO
M3;NFA
HW;NWL
NC;NAC
NW;NWA
FY;NWR
J3;PLR
DY;NAX
DI;NRS
DN;NAA
D8;IBK
DU;NLH
DH;NAN
BJ;LBT
O9;NOV
1I;NVR
VQ;NVQ
N6;ACQ
1I;NJE
NK;NKS
UQ;OCM
O8;OHK
VC;VCX
O6;ONE
OA;OAL
WY;OMA
OV;OMS
OE;LDM
OY;OAE
8Q;OHY
R2;ORB
OX;OEA
QO;OGN
OL;OLT
ON;RON
OJ;OLA
OZ;OZR
O7;OZJ
OA;OAL
OB;AAN
OK;CSA
PV;PNR
9Q;PBA
PU;PUA
U4;PMT
OH;JIA
Y5;PCE
BL;PIC
DJ;PBN
8P;PCO
Q8;PEC
LW;NMI
PK;PIA
GP;PTP
PF;PNW
NR;PIR
7N;PWD
PA;PAA
PA;PAA
P8;PTN
I7;PMW
P3;PTB
HP;HPA
PC;PGT
PE;PEV
KS;PEN
P9;PGP
P9;PVN
Z2;EZD
PR;PAL
9R;VAP
PI;PDT
9E;FLG
PO;PAC
PH;PAO
DJ;PLB
PD;POE
NI;PGA
BK;PDC
PW;PRF
TO;PSD
FE;WCP
8W;PWF
P6;PVG
P0;PFZ
FV;PLK
QF;QFA
QF;QLK
QF;QJE
QR;QTR
8L;RHC
V4;REK
FN;RGL
ZL;RXA
P7;REP
3C;CEA
QQ;ROA
RW;RPA
RH;RPH
C7;RLE
E2;GRN
RL;RIO
SL;RSL
V2;RBY
FV;SDM
GZ;RAR
RR;RFR
RS;MJN
AT;RAM
R0;RPK
V5;RYL
BI;RBA
RJ;RJA
RK;RCT
RK;RKH
RL;PPW
WR;HRH
P7;ESL
WB;RWD
7S;RCT
RD;RYN
FR;RYR
YS;RAE
RT;BUG
SS;CRL
TR;TGW
IJ;SJO
6Y;ART
E3;VGO
GG;KYE
GW;SGR
SH;SHA
N9;SHA
7E;AWU
OL;SZB
S4;RZO
SA;SAA
KV;SKV
W7;SAH
NL;SAI
MM;SAM
SK;SAS
PI;SGU
UG;SEN
S7;SBI
Q7;SBM
BB;SBS
PV;SBU
K5;SQH
W3;SCL
FP;AND
UL;ALK
SY;SCX
SG;SEJ
I6;SEQ
EH;SET
7G;SFJ
FA;SFR
N5;SGY
HZ;SHU
SP;SAT
ZY;SHY
SQ;SIA
5M;SIB
SI;SIH
XS;SIT
ZS;SMY
SQ;SQC
FT;SRH
SX;SRK
SM;SRL
S6;SRR
D2;SSF
VD;BBB
QF;SSQ
5G;SSV
RE;STK
FS;STU
SD;SUD
PI;SUF
LW;FDY
EZ;SUS
SV;SVA
WN;SWA
A4;SWD
WG;SWG
LX;SWR
SR;SWR
SR;SDR
LZ[45];SWU
WV;SWV
S8;SWW
Q4;SWX
WO;WSW
S8;SWZ
XQ;SXS
RB;SYR
AL;SYX
ZP;AZQ
7L;AZG
E5;BRZ
SC;CDG
SK;CNO
9C;CQH
3U;CSC
FM;CSH
ZH;CSZ
8C;CXI
7L;ERO
NE;ESK
CQ;EXL
SO;HKA
TE;IGA
JK;JKK
2G*;MRR
1Z;APD
NK;NKS
S0;OKS
SO;OSL
VA;OZW
1I;PZR
SX;SKB
RU;SKI
S3;BBR
XT;SKT
H2;SKU
OO;SKW
JZ;SKX
BC;SKY
LJ;SLA
MI;SLK
6Q;SLL
PY;SLM
NB;SNB
6J;SNJ
IE;SOL
6W;SOV
HZ;SOZ
S5;TCF
Q4;TLK
V9;HCW
SO;AAS
O3;CSS
5P;LLX
XG;SXD
WE;THD
VZ;TVJ
XJ;TAX
SL;TLM
EQ;TAE
JJ;TAM
TP;TAP
TU;TAR
3V;TAY
TR;TBA
M7;TBG
T2;TCG
HQ;TCW
MT;TCX
TQ;TDM
L9;TLW
UE;TEP
2S;TGR
ZT;AWC
TR;TGW
TT;TGG
IT;TTW
DG;SRQ
TG;THA
FD;AIQ
TK;THY
T7;TJT
9I;LLR
TD;TLP
TL;TMA
GY;TMG
OF;TML
3P;TNM
7T;TOB
TI;TOL
BY;TOM
PM;TOS
QT;TPA
K3;TQN
GE;TNA
TO;TVF
HV;TRA
VR;TCV
T9;TRZ
TH;TSE
S5;TSJ
9T;ABS
UN;TSO
T9;TSX
T5;TUA
UG;TUI
7O[49];TVL
T6;TVR
QS;TVS
TW;TWB
AL;TXC
6B;BLX
DT;DTA
SF;DTH
TJ;GPD
PZ;LAP
AX;LOF
1L;OSY
RO;ROT
3T;URN
T4;TIB
L6;VNZ
XN;XAR
VO;TYR
TX;TAN
OR;TFL
GS;GCR
U5;GWY
B7;UIA
UA;UAL
4H;UBD
U2;UFS
U7;JUS
U6;SVR
QU;UGA
UF;UKM
6Z;UKS
5X;UPS
US;AWE
UH;USH
UT;UTA
HY;UZB
PS;AUI
US;USA
JW;VNL
VB;VIV
VA;VOZ
VF;VLU
J7;VJA
0V;VFC
VC;VAL
VN;HVN
NN;MOV
Y4;VOI
VI;VDA
VX;VRD
VJ;VJC
V4;VES
TV;VEX
VK;VGN
VS;VIR
ZG;VVM
VE;VLE
VY;VLG
XF;VLK
LC;VLO
VM;VOA
9V;VPA
RG;VRN
FC;VVC
VP;VSP
V7;VOE
VG;VLM
G6;WLG
UK;VTI
WD;WDL
WT;WSG
WH;WEB
2W;WLC
WZ;WSF
PT;SWN
YH;WCW
8O;YWZ
WS;WJA
XP;CXP
WA;WAL
WA;KLC
W7;KMR
CN;WWD
WF;WIF
IV;JET
7W;QGA
IW;WON
8Z;WVL
W6;WZZ
WO;WOA
UI;CSW
WW;WOW
8V;WRF
KW;WAN
3W*;VNR
WR;WEN
7A;XRC
MF;CXA
SE;SEU
XP;CXP
YL;LLM
R3;SYL
Y8;YZR
Y0;EMJ
IY;IYE
4Y;UYA
2N;UMK
C4;IMX
Q3;MBN
3J;WZP
Z4;OOM
